--
-- PostgreSQL database dump
--

\restrict g29dcGN0LbiNWWZ6QSYe9UQukuft0RHoucLVkLDweYBkRtdDd041MW8gaWALOJZ

-- Dumped from database version 17.8 (9c8634e)
-- Dumped by pg_dump version 18.0

-- Started on 2026-05-18 23:07:02

SET statement_timeout = 0;
SET lock_timeout = 0;
SET idle_in_transaction_session_timeout = 0;
SET transaction_timeout = 0;
SET client_encoding = 'UTF8';
SET standard_conforming_strings = on;
SELECT pg_catalog.set_config('search_path', '', false);
SET check_function_bodies = false;
SET xmloption = content;
SET client_min_messages = warning;
SET row_security = off;

--
-- TOC entry 7 (class 2615 OID 442369)
-- Name: asset; Type: SCHEMA; Schema: -; Owner: neondb_owner
--

CREATE SCHEMA asset;


ALTER SCHEMA asset OWNER TO neondb_owner;

--
-- TOC entry 6 (class 2615 OID 327909)
-- Name: auth; Type: SCHEMA; Schema: -; Owner: neondb_owner
--

CREATE SCHEMA auth;


ALTER SCHEMA auth OWNER TO neondb_owner;

SET default_tablespace = '';

SET default_table_access_method = heap;

--
-- TOC entry 243 (class 1259 OID 442370)
-- Name: __EFMigrationsHistory; Type: TABLE; Schema: asset; Owner: neondb_owner
--

CREATE TABLE asset."__EFMigrationsHistory" (
    "MigrationId" character varying(150) NOT NULL,
    "ProductVersion" character varying(32) NOT NULL
);


ALTER TABLE asset."__EFMigrationsHistory" OWNER TO neondb_owner;

--
-- TOC entry 259 (class 1259 OID 442464)
-- Name: bao_tri_tai_san; Type: TABLE; Schema: asset; Owner: neondb_owner
--

CREATE TABLE asset.bao_tri_tai_san (
    "Id" integer NOT NULL,
    "TaiSanId" integer,
    "NgayThucHien" timestamp with time zone,
    "LoaiBaoTri" text,
    "MoTa" text,
    "CoChiPhi" boolean,
    "ChiPhi" numeric(18,2),
    "LoaiChiPhi" text,
    "NhaCungCap" text,
    "TrangThai" text,
    "GhiChu" text,
    "NgayTao" timestamp with time zone
);


ALTER TABLE asset.bao_tri_tai_san OWNER TO neondb_owner;

--
-- TOC entry 258 (class 1259 OID 442463)
-- Name: bao_tri_tai_san_Id_seq; Type: SEQUENCE; Schema: asset; Owner: neondb_owner
--

ALTER TABLE asset.bao_tri_tai_san ALTER COLUMN "Id" ADD GENERATED BY DEFAULT AS IDENTITY (
    SEQUENCE NAME asset."bao_tri_tai_san_Id_seq"
    START WITH 1
    INCREMENT BY 1
    NO MINVALUE
    NO MAXVALUE
    CACHE 1
);


--
-- TOC entry 245 (class 1259 OID 442376)
-- Name: cau_hinh_he_thong; Type: TABLE; Schema: asset; Owner: neondb_owner
--

CREATE TABLE asset.cau_hinh_he_thong (
    "Id" integer NOT NULL,
    "TenCongTy" text,
    "MaSoThue" text,
    "DiaChi" text,
    "TienToChungTu" text,
    "SoBatDauChungTu" integer,
    "PhuongPhapKhauHaoMacDinh" text,
    "TuDongKhauHao" boolean,
    "DinhDangMaTaiSan" text,
    "DoDaiMaTaiSan" integer
);


ALTER TABLE asset.cau_hinh_he_thong OWNER TO neondb_owner;

--
-- TOC entry 244 (class 1259 OID 442375)
-- Name: cau_hinh_he_thong_Id_seq; Type: SEQUENCE; Schema: asset; Owner: neondb_owner
--

ALTER TABLE asset.cau_hinh_he_thong ALTER COLUMN "Id" ADD GENERATED BY DEFAULT AS IDENTITY (
    SEQUENCE NAME asset."cau_hinh_he_thong_Id_seq"
    START WITH 1
    INCREMENT BY 1
    NO MINVALUE
    NO MAXVALUE
    CACHE 1
);


--
-- TOC entry 261 (class 1259 OID 442477)
-- Name: chi_tiet_chung_tu; Type: TABLE; Schema: asset; Owner: neondb_owner
--

CREATE TABLE asset.chi_tiet_chung_tu (
    "Id" integer NOT NULL,
    "ChungTuId" integer,
    "TaiKhoanNo" text,
    "TaiKhoanCo" text,
    "SoTien" numeric(18,2),
    "MoTa" text,
    "TaiSanId" integer
);


ALTER TABLE asset.chi_tiet_chung_tu OWNER TO neondb_owner;

--
-- TOC entry 260 (class 1259 OID 442476)
-- Name: chi_tiet_chung_tu_Id_seq; Type: SEQUENCE; Schema: asset; Owner: neondb_owner
--

ALTER TABLE asset.chi_tiet_chung_tu ALTER COLUMN "Id" ADD GENERATED BY DEFAULT AS IDENTITY (
    SEQUENCE NAME asset."chi_tiet_chung_tu_Id_seq"
    START WITH 1
    INCREMENT BY 1
    NO MINVALUE
    NO MAXVALUE
    CACHE 1
);


--
-- TOC entry 247 (class 1259 OID 442384)
-- Name: chung_tu; Type: TABLE; Schema: asset; Owner: neondb_owner
--

CREATE TABLE asset.chung_tu (
    "Id" integer NOT NULL,
    "MaChungTu" text NOT NULL,
    "NgayLap" timestamp with time zone,
    "LoaiChungTu" text,
    "MoTa" text,
    "TongTien" numeric(18,2),
    "TrangThai" text,
    "NguoiLapId" integer,
    "NgayTao" timestamp with time zone
);


ALTER TABLE asset.chung_tu OWNER TO neondb_owner;

--
-- TOC entry 246 (class 1259 OID 442383)
-- Name: chung_tu_Id_seq; Type: SEQUENCE; Schema: asset; Owner: neondb_owner
--

ALTER TABLE asset.chung_tu ALTER COLUMN "Id" ADD GENERATED BY DEFAULT AS IDENTITY (
    SEQUENCE NAME asset."chung_tu_Id_seq"
    START WITH 1
    INCREMENT BY 1
    NO MINVALUE
    NO MAXVALUE
    CACHE 1
);


--
-- TOC entry 255 (class 1259 OID 442423)
-- Name: danh_muc_tai_san; Type: TABLE; Schema: asset; Owner: neondb_owner
--

CREATE TABLE asset.danh_muc_tai_san (
    "Id" integer NOT NULL,
    "MaDanhMuc" text NOT NULL,
    "TenDanhMuc" text,
    "TienTo" text,
    "ThoiGianKhauHao" integer,
    "MaTaiKhoan" text
);


ALTER TABLE asset.danh_muc_tai_san OWNER TO neondb_owner;

--
-- TOC entry 254 (class 1259 OID 442422)
-- Name: danh_muc_tai_san_Id_seq; Type: SEQUENCE; Schema: asset; Owner: neondb_owner
--

ALTER TABLE asset.danh_muc_tai_san ALTER COLUMN "Id" ADD GENERATED BY DEFAULT AS IDENTITY (
    SEQUENCE NAME asset."danh_muc_tai_san_Id_seq"
    START WITH 1
    INCREMENT BY 1
    NO MINVALUE
    NO MAXVALUE
    CACHE 1
);


--
-- TOC entry 263 (class 1259 OID 442505)
-- Name: dieu_chuyen_tai_san; Type: TABLE; Schema: asset; Owner: neondb_owner
--

CREATE TABLE asset.dieu_chuyen_tai_san (
    "Id" integer NOT NULL,
    "TaiSanId" integer,
    "LoaiDieuChuyen" text,
    "NgayThucHien" timestamp with time zone,
    "TuPhongBanId" integer,
    "DenPhongBanId" integer,
    "TuNguoiDungId" integer,
    "DenNguoiDungId" integer,
    "TrangThai" text,
    "GhiChu" text,
    "NgayTao" timestamp with time zone
);


ALTER TABLE asset.dieu_chuyen_tai_san OWNER TO neondb_owner;

--
-- TOC entry 262 (class 1259 OID 442504)
-- Name: dieu_chuyen_tai_san_Id_seq; Type: SEQUENCE; Schema: asset; Owner: neondb_owner
--

ALTER TABLE asset.dieu_chuyen_tai_san ALTER COLUMN "Id" ADD GENERATED BY DEFAULT AS IDENTITY (
    SEQUENCE NAME asset."dieu_chuyen_tai_san_Id_seq"
    START WITH 1
    INCREMENT BY 1
    NO MINVALUE
    NO MAXVALUE
    CACHE 1
);


--
-- TOC entry 265 (class 1259 OID 442528)
-- Name: lich_su_khau_hao; Type: TABLE; Schema: asset; Owner: neondb_owner
--

CREATE TABLE asset.lich_su_khau_hao (
    "Id" integer NOT NULL,
    "TaiSanId" integer,
    "ChungTuId" integer,
    "KyKhauHao" text,
    "SoTien" numeric(18,2),
    "LuyKeSauKhauHao" numeric(18,2),
    "ConLaiSauKhauHao" numeric(18,2),
    "NgayTao" timestamp with time zone
);


ALTER TABLE asset.lich_su_khau_hao OWNER TO neondb_owner;

--
-- TOC entry 264 (class 1259 OID 442527)
-- Name: lich_su_khau_hao_Id_seq; Type: SEQUENCE; Schema: asset; Owner: neondb_owner
--

ALTER TABLE asset.lich_su_khau_hao ALTER COLUMN "Id" ADD GENERATED BY DEFAULT AS IDENTITY (
    SEQUENCE NAME asset."lich_su_khau_hao_Id_seq"
    START WITH 1
    INCREMENT BY 1
    NO MINVALUE
    NO MAXVALUE
    CACHE 1
);


--
-- TOC entry 249 (class 1259 OID 442392)
-- Name: lo_tai_san; Type: TABLE; Schema: asset; Owner: neondb_owner
--

CREATE TABLE asset.lo_tai_san (
    "Id" integer NOT NULL,
    "MaLo" text NOT NULL,
    "SoLuong" integer,
    "TongGiaTri" numeric(18,2),
    "NgayTao" timestamp with time zone
);


ALTER TABLE asset.lo_tai_san OWNER TO neondb_owner;

--
-- TOC entry 248 (class 1259 OID 442391)
-- Name: lo_tai_san_Id_seq; Type: SEQUENCE; Schema: asset; Owner: neondb_owner
--

ALTER TABLE asset.lo_tai_san ALTER COLUMN "Id" ADD GENERATED BY DEFAULT AS IDENTITY (
    SEQUENCE NAME asset."lo_tai_san_Id_seq"
    START WITH 1
    INCREMENT BY 1
    NO MINVALUE
    NO MAXVALUE
    CACHE 1
);


--
-- TOC entry 251 (class 1259 OID 442400)
-- Name: phong_ban; Type: TABLE; Schema: asset; Owner: neondb_owner
--

CREATE TABLE asset.phong_ban (
    "Id" integer NOT NULL,
    "MaPhongBan" text NOT NULL,
    "TenPhongBan" text
);


ALTER TABLE asset.phong_ban OWNER TO neondb_owner;

--
-- TOC entry 250 (class 1259 OID 442399)
-- Name: phong_ban_Id_seq; Type: SEQUENCE; Schema: asset; Owner: neondb_owner
--

ALTER TABLE asset.phong_ban ALTER COLUMN "Id" ADD GENERATED BY DEFAULT AS IDENTITY (
    SEQUENCE NAME asset."phong_ban_Id_seq"
    START WITH 1
    INCREMENT BY 1
    NO MINVALUE
    NO MAXVALUE
    CACHE 1
);


--
-- TOC entry 253 (class 1259 OID 442408)
-- Name: tai_khoan_ke_toan; Type: TABLE; Schema: asset; Owner: neondb_owner
--

CREATE TABLE asset.tai_khoan_ke_toan (
    "Id" integer NOT NULL,
    "MaTaiKhoan" text NOT NULL,
    "TenTaiKhoan" text,
    "LoaiTaiKhoan" text,
    "MaTaiKhoanCha" text
);


ALTER TABLE asset.tai_khoan_ke_toan OWNER TO neondb_owner;

--
-- TOC entry 252 (class 1259 OID 442407)
-- Name: tai_khoan_ke_toan_Id_seq; Type: SEQUENCE; Schema: asset; Owner: neondb_owner
--

ALTER TABLE asset.tai_khoan_ke_toan ALTER COLUMN "Id" ADD GENERATED BY DEFAULT AS IDENTITY (
    SEQUENCE NAME asset."tai_khoan_ke_toan_Id_seq"
    START WITH 1
    INCREMENT BY 1
    NO MINVALUE
    NO MAXVALUE
    CACHE 1
);


--
-- TOC entry 257 (class 1259 OID 442436)
-- Name: tai_san; Type: TABLE; Schema: asset; Owner: neondb_owner
--

CREATE TABLE asset.tai_san (
    "Id" integer NOT NULL,
    "MaTaiSan" text NOT NULL,
    "PhuongThucThanhToan" text,
    "TenTaiSan" text,
    "DanhMucId" integer,
    "LoId" integer,
    "SoThuTuTrongLo" integer,
    "TongSoTrongLo" integer,
    "TrangThai" text NOT NULL,
    "SoSeri" text,
    "NhaSanXuat" text,
    "MoTa" text,
    "ThongSoKyThuat" jsonb,
    "NgayMua" timestamp with time zone,
    "NguyenGia" numeric(18,2),
    "GiaTriConLai" numeric(18,2),
    "KhauHaoLuyKe" numeric(18,2),
    "KhauHaoHangThang" numeric(18,2),
    "PhuongPhapKhauHao" text,
    "ThoiGianKhauHao" integer,
    "MaTaiKhoan" text,
    "PhongBanId" integer,
    "NguoiDungId" integer,
    "NgayCapPhat" timestamp with time zone,
    "NgayTao" timestamp with time zone,
    "NgayCapNhat" timestamp with time zone
);


ALTER TABLE asset.tai_san OWNER TO neondb_owner;

--
-- TOC entry 256 (class 1259 OID 442435)
-- Name: tai_san_Id_seq; Type: SEQUENCE; Schema: asset; Owner: neondb_owner
--

ALTER TABLE asset.tai_san ALTER COLUMN "Id" ADD GENERATED BY DEFAULT AS IDENTITY (
    SEQUENCE NAME asset."tai_san_Id_seq"
    START WITH 1
    INCREMENT BY 1
    NO MINVALUE
    NO MAXVALUE
    CACHE 1
);


--
-- TOC entry 267 (class 1259 OID 442546)
-- Name: tai_san_dinh_kem; Type: TABLE; Schema: asset; Owner: neondb_owner
--

CREATE TABLE asset.tai_san_dinh_kem (
    "Id" integer NOT NULL,
    "TaiSanId" integer NOT NULL,
    "TenFile" text NOT NULL,
    "LoaiFile" text,
    "DuongDan" text,
    "KichThuoc" bigint,
    "NgayTai" timestamp with time zone NOT NULL,
    "MoTa" text
);


ALTER TABLE asset.tai_san_dinh_kem OWNER TO neondb_owner;

--
-- TOC entry 266 (class 1259 OID 442545)
-- Name: tai_san_dinh_kem_Id_seq; Type: SEQUENCE; Schema: asset; Owner: neondb_owner
--

ALTER TABLE asset.tai_san_dinh_kem ALTER COLUMN "Id" ADD GENERATED BY DEFAULT AS IDENTITY (
    SEQUENCE NAME asset."tai_san_dinh_kem_Id_seq"
    START WITH 1
    INCREMENT BY 1
    NO MINVALUE
    NO MAXVALUE
    CACHE 1
);


--
-- TOC entry 269 (class 1259 OID 442559)
-- Name: thanh_ly_tai_san; Type: TABLE; Schema: asset; Owner: neondb_owner
--

CREATE TABLE asset.thanh_ly_tai_san (
    "Id" integer NOT NULL,
    "TaiSanId" integer,
    "NgayThanhLy" timestamp with time zone,
    "NguyenGia" numeric(18,2),
    "KhauHaoLuyKe" numeric(18,2),
    "GiaTriConLai" numeric(18,2),
    "GiaTriThanhLy" numeric(18,2),
    "LaiLo" numeric(18,2),
    "LyDo" text,
    "GhiChu" text,
    "TrangThai" text,
    "NgayTao" timestamp with time zone
);


ALTER TABLE asset.thanh_ly_tai_san OWNER TO neondb_owner;

--
-- TOC entry 268 (class 1259 OID 442558)
-- Name: thanh_ly_tai_san_Id_seq; Type: SEQUENCE; Schema: asset; Owner: neondb_owner
--

ALTER TABLE asset.thanh_ly_tai_san ALTER COLUMN "Id" ADD GENERATED BY DEFAULT AS IDENTITY (
    SEQUENCE NAME asset."thanh_ly_tai_san_Id_seq"
    START WITH 1
    INCREMENT BY 1
    NO MINVALUE
    NO MAXVALUE
    CACHE 1
);


--
-- TOC entry 229 (class 1259 OID 327956)
-- Name: AuthAuditLog; Type: TABLE; Schema: auth; Owner: neondb_owner
--

CREATE TABLE auth."AuthAuditLog" (
    "auditID" integer NOT NULL,
    "userID" integer,
    action text,
    result text,
    detail text,
    ip text,
    "userAgent" text,
    "createdAt" timestamp with time zone NOT NULL
);


ALTER TABLE auth."AuthAuditLog" OWNER TO neondb_owner;

--
-- TOC entry 228 (class 1259 OID 327955)
-- Name: AuthAuditLog_auditID_seq; Type: SEQUENCE; Schema: auth; Owner: neondb_owner
--

ALTER TABLE auth."AuthAuditLog" ALTER COLUMN "auditID" ADD GENERATED BY DEFAULT AS IDENTITY (
    SEQUENCE NAME auth."AuthAuditLog_auditID_seq"
    START WITH 1
    INCREMENT BY 1
    NO MINVALUE
    NO MAXVALUE
    CACHE 1
);


--
-- TOC entry 231 (class 1259 OID 327969)
-- Name: AuthEmailVerification; Type: TABLE; Schema: auth; Owner: neondb_owner
--

CREATE TABLE auth."AuthEmailVerification" (
    "emailVerificationID" integer NOT NULL,
    "userID" integer NOT NULL,
    "codeHash" text,
    "createdAt" timestamp with time zone NOT NULL,
    "expiresAt" timestamp with time zone NOT NULL,
    "consumedAt" timestamp with time zone
);


ALTER TABLE auth."AuthEmailVerification" OWNER TO neondb_owner;

--
-- TOC entry 230 (class 1259 OID 327968)
-- Name: AuthEmailVerification_emailVerificationID_seq; Type: SEQUENCE; Schema: auth; Owner: neondb_owner
--

ALTER TABLE auth."AuthEmailVerification" ALTER COLUMN "emailVerificationID" ADD GENERATED BY DEFAULT AS IDENTITY (
    SEQUENCE NAME auth."AuthEmailVerification_emailVerificationID_seq"
    START WITH 1
    INCREMENT BY 1
    NO MINVALUE
    NO MAXVALUE
    CACHE 1
);


--
-- TOC entry 233 (class 1259 OID 327982)
-- Name: AuthMfaSecret; Type: TABLE; Schema: auth; Owner: neondb_owner
--

CREATE TABLE auth."AuthMfaSecret" (
    "mfaID" integer NOT NULL,
    "userID" integer NOT NULL,
    type character varying(32) NOT NULL,
    status character varying(16) NOT NULL,
    secret text,
    "isEnabled" boolean NOT NULL,
    label character varying(128),
    "recoveryCodes" text,
    "enrollmentStartedAt" timestamp with time zone,
    "enabledAt" timestamp with time zone,
    "lastVerifiedAt" timestamp with time zone,
    "updatedAt" timestamp with time zone NOT NULL,
    "RowVersion" bytea
);


ALTER TABLE auth."AuthMfaSecret" OWNER TO neondb_owner;

--
-- TOC entry 232 (class 1259 OID 327981)
-- Name: AuthMfaSecret_mfaID_seq; Type: SEQUENCE; Schema: auth; Owner: neondb_owner
--

ALTER TABLE auth."AuthMfaSecret" ALTER COLUMN "mfaID" ADD GENERATED BY DEFAULT AS IDENTITY (
    SEQUENCE NAME auth."AuthMfaSecret_mfaID_seq"
    START WITH 1
    INCREMENT BY 1
    NO MINVALUE
    NO MAXVALUE
    CACHE 1
);


--
-- TOC entry 235 (class 1259 OID 327995)
-- Name: AuthPasswordReset; Type: TABLE; Schema: auth; Owner: neondb_owner
--

CREATE TABLE auth."AuthPasswordReset" (
    "passwordResetID" integer NOT NULL,
    "userID" integer NOT NULL,
    "codeHash" text NOT NULL,
    "createdAt" timestamp with time zone NOT NULL,
    "expiresAt" timestamp with time zone NOT NULL,
    "consumedAt" timestamp with time zone,
    purpose text NOT NULL
);


ALTER TABLE auth."AuthPasswordReset" OWNER TO neondb_owner;

--
-- TOC entry 234 (class 1259 OID 327994)
-- Name: AuthPasswordReset_passwordResetID_seq; Type: SEQUENCE; Schema: auth; Owner: neondb_owner
--

ALTER TABLE auth."AuthPasswordReset" ALTER COLUMN "passwordResetID" ADD GENERATED BY DEFAULT AS IDENTITY (
    SEQUENCE NAME auth."AuthPasswordReset_passwordResetID_seq"
    START WITH 1
    INCREMENT BY 1
    NO MINVALUE
    NO MAXVALUE
    CACHE 1
);


--
-- TOC entry 221 (class 1259 OID 327916)
-- Name: AuthPermission; Type: TABLE; Schema: auth; Owner: neondb_owner
--

CREATE TABLE auth."AuthPermission" (
    "permissionID" integer NOT NULL,
    "permissionName" character varying(150) NOT NULL,
    "permissionDescription" character varying(255) NOT NULL,
    code text NOT NULL,
    scope text
);


ALTER TABLE auth."AuthPermission" OWNER TO neondb_owner;

--
-- TOC entry 220 (class 1259 OID 327915)
-- Name: AuthPermission_permissionID_seq; Type: SEQUENCE; Schema: auth; Owner: neondb_owner
--

ALTER TABLE auth."AuthPermission" ALTER COLUMN "permissionID" ADD GENERATED BY DEFAULT AS IDENTITY (
    SEQUENCE NAME auth."AuthPermission_permissionID_seq"
    START WITH 1
    INCREMENT BY 1
    NO MINVALUE
    NO MAXVALUE
    CACHE 1
);


--
-- TOC entry 237 (class 1259 OID 328008)
-- Name: AuthProfile; Type: TABLE; Schema: auth; Owner: neondb_owner
--

CREATE TABLE auth."AuthProfile" (
    "profileID" integer NOT NULL,
    "userID" integer NOT NULL,
    "firstName" character varying(100) NOT NULL,
    "lastName" character varying(100) NOT NULL,
    avatar text,
    gender character varying(16),
    "dateOfBirth" timestamp with time zone
);


ALTER TABLE auth."AuthProfile" OWNER TO neondb_owner;

--
-- TOC entry 236 (class 1259 OID 328007)
-- Name: AuthProfile_profileID_seq; Type: SEQUENCE; Schema: auth; Owner: neondb_owner
--

ALTER TABLE auth."AuthProfile" ALTER COLUMN "profileID" ADD GENERATED BY DEFAULT AS IDENTITY (
    SEQUENCE NAME auth."AuthProfile_profileID_seq"
    START WITH 1
    INCREMENT BY 1
    NO MINVALUE
    NO MAXVALUE
    CACHE 1
);


--
-- TOC entry 242 (class 1259 OID 328049)
-- Name: AuthRefreshToken; Type: TABLE; Schema: auth; Owner: neondb_owner
--

CREATE TABLE auth."AuthRefreshToken" (
    "refreshTokenID" integer NOT NULL,
    "userID" integer NOT NULL,
    "sessionID" integer NOT NULL,
    "Token" text NOT NULL,
    "Expires" timestamp with time zone NOT NULL,
    "Created" timestamp with time zone NOT NULL,
    "CreatedByIp" text,
    "Revoked" timestamp with time zone,
    "RevokedByIp" text,
    "ReplacedByToken" text
);


ALTER TABLE auth."AuthRefreshToken" OWNER TO neondb_owner;

--
-- TOC entry 241 (class 1259 OID 328048)
-- Name: AuthRefreshToken_refreshTokenID_seq; Type: SEQUENCE; Schema: auth; Owner: neondb_owner
--

ALTER TABLE auth."AuthRefreshToken" ALTER COLUMN "refreshTokenID" ADD GENERATED BY DEFAULT AS IDENTITY (
    SEQUENCE NAME auth."AuthRefreshToken_refreshTokenID_seq"
    START WITH 1
    INCREMENT BY 1
    NO MINVALUE
    NO MAXVALUE
    CACHE 1
);


--
-- TOC entry 223 (class 1259 OID 327924)
-- Name: AuthRole; Type: TABLE; Schema: auth; Owner: neondb_owner
--

CREATE TABLE auth."AuthRole" (
    "roleID" integer NOT NULL,
    "roleName" character varying(100) NOT NULL,
    "roleDescription" character varying(255) NOT NULL,
    "isDefault" boolean NOT NULL,
    scope text
);


ALTER TABLE auth."AuthRole" OWNER TO neondb_owner;

--
-- TOC entry 227 (class 1259 OID 327940)
-- Name: AuthRolePermission; Type: TABLE; Schema: auth; Owner: neondb_owner
--

CREATE TABLE auth."AuthRolePermission" (
    "rolePermissionID" integer NOT NULL,
    "roleID" integer NOT NULL,
    "permissionID" integer NOT NULL
);


ALTER TABLE auth."AuthRolePermission" OWNER TO neondb_owner;

--
-- TOC entry 226 (class 1259 OID 327939)
-- Name: AuthRolePermission_rolePermissionID_seq; Type: SEQUENCE; Schema: auth; Owner: neondb_owner
--

ALTER TABLE auth."AuthRolePermission" ALTER COLUMN "rolePermissionID" ADD GENERATED BY DEFAULT AS IDENTITY (
    SEQUENCE NAME auth."AuthRolePermission_rolePermissionID_seq"
    START WITH 1
    INCREMENT BY 1
    NO MINVALUE
    NO MAXVALUE
    CACHE 1
);


--
-- TOC entry 222 (class 1259 OID 327923)
-- Name: AuthRole_roleID_seq; Type: SEQUENCE; Schema: auth; Owner: neondb_owner
--

ALTER TABLE auth."AuthRole" ALTER COLUMN "roleID" ADD GENERATED BY DEFAULT AS IDENTITY (
    SEQUENCE NAME auth."AuthRole_roleID_seq"
    START WITH 1
    INCREMENT BY 1
    NO MINVALUE
    NO MAXVALUE
    CACHE 1
);


--
-- TOC entry 225 (class 1259 OID 327932)
-- Name: AuthUser; Type: TABLE; Schema: auth; Owner: neondb_owner
--

CREATE TABLE auth."AuthUser" (
    "userID" integer NOT NULL,
    "userName" character varying(100) NOT NULL,
    email character varying(255) NOT NULL,
    "phoneNumber" character varying(32),
    "departmentID" character varying(20),
    "passwordHash" text NOT NULL,
    "googleSub" text,
    scope text,
    "isEmailVerified" boolean NOT NULL,
    status character varying(16),
    "tokenVersion" integer NOT NULL,
    "createdAt" timestamp with time zone NOT NULL,
    "updatedAt" timestamp with time zone NOT NULL
);


ALTER TABLE auth."AuthUser" OWNER TO neondb_owner;

--
-- TOC entry 238 (class 1259 OID 328020)
-- Name: AuthUserRole; Type: TABLE; Schema: auth; Owner: neondb_owner
--

CREATE TABLE auth."AuthUserRole" (
    "userID" integer NOT NULL,
    "roleID" integer NOT NULL,
    "assignedAt" timestamp with time zone NOT NULL
);


ALTER TABLE auth."AuthUserRole" OWNER TO neondb_owner;

--
-- TOC entry 240 (class 1259 OID 328036)
-- Name: AuthUserSession; Type: TABLE; Schema: auth; Owner: neondb_owner
--

CREATE TABLE auth."AuthUserSession" (
    "sessionID" integer NOT NULL,
    "userID" integer NOT NULL,
    "deviceId" text NOT NULL,
    ip text,
    "userAgent" text,
    "createdAt" timestamp with time zone NOT NULL,
    "lastSeenAt" timestamp with time zone NOT NULL,
    "isRevoked" boolean NOT NULL
);


ALTER TABLE auth."AuthUserSession" OWNER TO neondb_owner;

--
-- TOC entry 239 (class 1259 OID 328035)
-- Name: AuthUserSession_sessionID_seq; Type: SEQUENCE; Schema: auth; Owner: neondb_owner
--

ALTER TABLE auth."AuthUserSession" ALTER COLUMN "sessionID" ADD GENERATED BY DEFAULT AS IDENTITY (
    SEQUENCE NAME auth."AuthUserSession_sessionID_seq"
    START WITH 1
    INCREMENT BY 1
    NO MINVALUE
    NO MAXVALUE
    CACHE 1
);


--
-- TOC entry 224 (class 1259 OID 327931)
-- Name: AuthUser_userID_seq; Type: SEQUENCE; Schema: auth; Owner: neondb_owner
--

ALTER TABLE auth."AuthUser" ALTER COLUMN "userID" ADD GENERATED BY DEFAULT AS IDENTITY (
    SEQUENCE NAME auth."AuthUser_userID_seq"
    START WITH 1
    INCREMENT BY 1
    NO MINVALUE
    NO MAXVALUE
    CACHE 1
);


--
-- TOC entry 219 (class 1259 OID 327910)
-- Name: __EFMigrationsHistory; Type: TABLE; Schema: auth; Owner: neondb_owner
--

CREATE TABLE auth."__EFMigrationsHistory" (
    "MigrationId" character varying(150) NOT NULL,
    "ProductVersion" character varying(32) NOT NULL
);


ALTER TABLE auth."__EFMigrationsHistory" OWNER TO neondb_owner;

--
-- TOC entry 3633 (class 0 OID 442370)
-- Dependencies: 243
-- Data for Name: __EFMigrationsHistory; Type: TABLE DATA; Schema: asset; Owner: neondb_owner
--

COPY asset."__EFMigrationsHistory" ("MigrationId", "ProductVersion") FROM stdin;
20260518153012_AssetV1	8.0.11
\.


--
-- TOC entry 3649 (class 0 OID 442464)
-- Dependencies: 259
-- Data for Name: bao_tri_tai_san; Type: TABLE DATA; Schema: asset; Owner: neondb_owner
--

COPY asset.bao_tri_tai_san ("Id", "TaiSanId", "NgayThucHien", "LoaiBaoTri", "MoTa", "CoChiPhi", "ChiPhi", "LoaiChiPhi", "NhaCungCap", "TrangThai", "GhiChu", "NgayTao") FROM stdin;
\.


--
-- TOC entry 3635 (class 0 OID 442376)
-- Dependencies: 245
-- Data for Name: cau_hinh_he_thong; Type: TABLE DATA; Schema: asset; Owner: neondb_owner
--

COPY asset.cau_hinh_he_thong ("Id", "TenCongTy", "MaSoThue", "DiaChi", "TienToChungTu", "SoBatDauChungTu", "PhuongPhapKhauHaoMacDinh", "TuDongKhauHao", "DinhDangMaTaiSan", "DoDaiMaTaiSan") FROM stdin;
1	Công ty Cổ phần Công nghệ TH	0316789456	Tầng 8, Tòa nhà Sailing Tower, 111A Pasteur, Phường Bến Nghé, Quận 1, TP. Hồ Chí Minh	CT	1	DuongThang	t	{DANH_MUC}-{SO_THU_TU}	4
\.


--
-- TOC entry 3651 (class 0 OID 442477)
-- Dependencies: 261
-- Data for Name: chi_tiet_chung_tu; Type: TABLE DATA; Schema: asset; Owner: neondb_owner
--

COPY asset.chi_tiet_chung_tu ("Id", "ChungTuId", "TaiKhoanNo", "TaiKhoanCo", "SoTien", "MoTa", "TaiSanId") FROM stdin;
1	1	2114	112	55000000.00	Thanh toán & Ghi tăng nguyên giá TSCĐ	1
2	2	2114	112	32000000.00	Thanh toán & Ghi tăng nguyên giá TSCĐ	2
3	3	2114	111	35000000.00	Thanh toán & Ghi tăng nguyên giá TSCĐ	3
4	4	2114	112	35000000.00	Thanh toán & Ghi tăng nguyên giá TSCĐ	4
5	5	2114	112	55000000.00	Thanh toán & Ghi tăng nguyên giá TSCĐ	5
6	6	2114	111	38000000.00	Thanh toán & Ghi tăng nguyên giá TSCĐ	6
7	7	2114	112	55000000.00	Thanh toán & Ghi tăng nguyên giá TSCĐ	7
8	8	2114	112	45000000.00	Thanh toán & Ghi tăng nguyên giá TSCĐ	8
9	9	2114	111	42000000.00	Thanh toán & Ghi tăng nguyên giá TSCĐ	9
10	10	2114	112	35000000.00	Thanh toán & Ghi tăng nguyên giá TSCĐ	10
11	11	2114	112	55000000.00	Thanh toán & Ghi tăng nguyên giá TSCĐ	11
12	12	2114	111	32000000.00	Thanh toán & Ghi tăng nguyên giá TSCĐ	12
13	13	2114	112	35000000.00	Thanh toán & Ghi tăng nguyên giá TSCĐ	13
14	14	2114	112	35000000.00	Thanh toán & Ghi tăng nguyên giá TSCĐ	14
15	15	2114	111	55000000.00	Thanh toán & Ghi tăng nguyên giá TSCĐ	15
16	16	2114	112	38000000.00	Thanh toán & Ghi tăng nguyên giá TSCĐ	16
17	17	2114	112	55000000.00	Thanh toán & Ghi tăng nguyên giá TSCĐ	17
18	18	2114	111	45000000.00	Thanh toán & Ghi tăng nguyên giá TSCĐ	18
19	19	2114	112	42000000.00	Thanh toán & Ghi tăng nguyên giá TSCĐ	19
20	20	2114	112	35000000.00	Thanh toán & Ghi tăng nguyên giá TSCĐ	20
21	21	2114	111	55000000.00	Thanh toán & Ghi tăng nguyên giá TSCĐ	21
22	22	2114	112	32000000.00	Thanh toán & Ghi tăng nguyên giá TSCĐ	22
23	23	2114	112	35000000.00	Thanh toán & Ghi tăng nguyên giá TSCĐ	23
24	24	2114	111	35000000.00	Thanh toán & Ghi tăng nguyên giá TSCĐ	24
25	25	2114	112	55000000.00	Thanh toán & Ghi tăng nguyên giá TSCĐ	25
26	26	2114	112	38000000.00	Thanh toán & Ghi tăng nguyên giá TSCĐ	26
27	27	2114	111	55000000.00	Thanh toán & Ghi tăng nguyên giá TSCĐ	27
28	28	2114	112	45000000.00	Thanh toán & Ghi tăng nguyên giá TSCĐ	28
29	29	2114	112	42000000.00	Thanh toán & Ghi tăng nguyên giá TSCĐ	29
30	30	2114	111	35000000.00	Thanh toán & Ghi tăng nguyên giá TSCĐ	30
31	31	2114	112	55000000.00	Thanh toán & Ghi tăng nguyên giá TSCĐ	31
32	32	2114	112	32000000.00	Thanh toán & Ghi tăng nguyên giá TSCĐ	32
33	33	2114	111	35000000.00	Thanh toán & Ghi tăng nguyên giá TSCĐ	33
34	34	2114	112	35000000.00	Thanh toán & Ghi tăng nguyên giá TSCĐ	34
35	35	2114	112	55000000.00	Thanh toán & Ghi tăng nguyên giá TSCĐ	35
36	36	2113	111	980000000.00	Thanh toán & Ghi tăng nguyên giá TSCĐ	36
37	37	2113	112	920000000.00	Thanh toán & Ghi tăng nguyên giá TSCĐ	37
38	38	2113	112	2299000000.00	Thanh toán & Ghi tăng nguyên giá TSCĐ	38
39	39	2113	111	1500000000.00	Thanh toán & Ghi tăng nguyên giá TSCĐ	39
40	40	2112	112	280000000.00	Thanh toán & Ghi tăng nguyên giá TSCĐ	40
41	41	2112	112	45000000.00	Thanh toán & Ghi tăng nguyên giá TSCĐ	41
42	42	2112	111	90000000.00	Thanh toán & Ghi tăng nguyên giá TSCĐ	42
43	43	2112	112	35000000.00	Thanh toán & Ghi tăng nguyên giá TSCĐ	43
44	44	2112	112	120000000.00	Thanh toán & Ghi tăng nguyên giá TSCĐ	44
\.


--
-- TOC entry 3637 (class 0 OID 442384)
-- Dependencies: 247
-- Data for Name: chung_tu; Type: TABLE DATA; Schema: asset; Owner: neondb_owner
--

COPY asset.chung_tu ("Id", "MaChungTu", "NgayLap", "LoaiChungTu", "MoTa", "TongTien", "TrangThai", "NguoiLapId", "NgayTao") FROM stdin;
1	CT-GT-0001	2021-01-13 00:00:00+00	GhiTang	Ghi tăng Apple MacBook Pro 14" M3 (16GB/512GB)	55000000.00	hoan_thanh	6	2021-01-13 00:00:00+00
2	CT-GT-0002	2021-01-30 00:00:00+00	GhiTang	Ghi tăng Dell Latitude 7430 (i7/16GB/512GB, vPro)	32000000.00	hoan_thanh	6	2021-01-30 00:00:00+00
3	CT-GT-0003	2021-02-16 00:00:00+00	GhiTang	Ghi tăng HP EliteBook 845 G10 (Ryzen 9/32GB/1TB)	35000000.00	hoan_thanh	6	2021-02-16 00:00:00+00
4	CT-GT-0004	2021-03-05 00:00:00+00	GhiTang	Ghi tăng Lenovo ThinkPad T14s Gen 3 (Ryzen 7/16GB/512GB)	35000000.00	hoan_thanh	6	2021-03-05 00:00:00+00
5	CT-GT-0005	2021-03-22 00:00:00+00	GhiTang	Ghi tăng Asus ProArt Studiobook 16 OLED (i9/32GB/1TB)	55000000.00	hoan_thanh	6	2021-03-22 00:00:00+00
6	CT-GT-0006	2021-04-08 00:00:00+00	GhiTang	Ghi tăng Apple MacBook Air 15" M2 (16GB/512GB)	38000000.00	hoan_thanh	6	2021-04-08 00:00:00+00
7	CT-GT-0007	2021-04-25 00:00:00+00	GhiTang	Ghi tăng Dell Precision 5570 (i7/32GB/1TB, Workstation)	55000000.00	hoan_thanh	6	2021-04-25 00:00:00+00
8	CT-GT-0008	2021-05-12 00:00:00+00	GhiTang	Ghi tăng Lenovo ThinkPad X1 Carbon Gen 11 (i7/16GB/1TB)	45000000.00	hoan_thanh	6	2021-05-12 00:00:00+00
9	CT-GT-0009	2021-05-29 00:00:00+00	GhiTang	Ghi tăng HP ZBook Firefly 14 G10 (i7/32GB/1TB)	42000000.00	hoan_thanh	6	2021-05-29 00:00:00+00
10	CT-GT-0010	2021-06-15 00:00:00+00	GhiTang	Ghi tăng Dell XPS 13 9310 (i7/16GB/512GB)	35000000.00	hoan_thanh	6	2021-06-15 00:00:00+00
11	CT-GT-0011	2021-07-02 00:00:00+00	GhiTang	Ghi tăng Apple MacBook Pro 14" M3 (16GB/512GB)	55000000.00	hoan_thanh	6	2021-07-02 00:00:00+00
12	CT-GT-0012	2021-07-19 00:00:00+00	GhiTang	Ghi tăng Dell Latitude 7430 (i7/16GB/512GB, vPro)	32000000.00	hoan_thanh	6	2021-07-19 00:00:00+00
13	CT-GT-0013	2021-08-05 00:00:00+00	GhiTang	Ghi tăng HP EliteBook 845 G10 (Ryzen 9/32GB/1TB)	35000000.00	hoan_thanh	6	2021-08-05 00:00:00+00
14	CT-GT-0014	2021-08-22 00:00:00+00	GhiTang	Ghi tăng Lenovo ThinkPad T14s Gen 3 (Ryzen 7/16GB/512GB)	35000000.00	hoan_thanh	6	2021-08-22 00:00:00+00
15	CT-GT-0015	2021-09-08 00:00:00+00	GhiTang	Ghi tăng Asus ProArt Studiobook 16 OLED (i9/32GB/1TB)	55000000.00	hoan_thanh	6	2021-09-08 00:00:00+00
16	CT-GT-0016	2021-09-25 00:00:00+00	GhiTang	Ghi tăng Apple MacBook Air 15" M2 (16GB/512GB)	38000000.00	hoan_thanh	6	2021-09-25 00:00:00+00
17	CT-GT-0017	2021-10-12 00:00:00+00	GhiTang	Ghi tăng Dell Precision 5570 (i7/32GB/1TB, Workstation)	55000000.00	hoan_thanh	6	2021-10-12 00:00:00+00
18	CT-GT-0018	2021-10-29 00:00:00+00	GhiTang	Ghi tăng Lenovo ThinkPad X1 Carbon Gen 11 (i7/16GB/1TB)	45000000.00	hoan_thanh	6	2021-10-29 00:00:00+00
19	CT-GT-0019	2021-11-15 00:00:00+00	GhiTang	Ghi tăng HP ZBook Firefly 14 G10 (i7/32GB/1TB)	42000000.00	hoan_thanh	6	2021-11-15 00:00:00+00
20	CT-GT-0020	2021-12-02 00:00:00+00	GhiTang	Ghi tăng Dell XPS 13 9310 (i7/16GB/512GB)	35000000.00	hoan_thanh	6	2021-12-02 00:00:00+00
21	CT-GT-0021	2021-12-19 00:00:00+00	GhiTang	Ghi tăng Apple MacBook Pro 14" M3 (16GB/512GB)	55000000.00	hoan_thanh	6	2021-12-19 00:00:00+00
22	CT-GT-0022	2022-01-05 00:00:00+00	GhiTang	Ghi tăng Dell Latitude 7430 (i7/16GB/512GB, vPro)	32000000.00	hoan_thanh	6	2022-01-05 00:00:00+00
23	CT-GT-0023	2022-01-22 00:00:00+00	GhiTang	Ghi tăng HP EliteBook 845 G10 (Ryzen 9/32GB/1TB)	35000000.00	hoan_thanh	6	2022-01-22 00:00:00+00
24	CT-GT-0024	2022-02-08 00:00:00+00	GhiTang	Ghi tăng Lenovo ThinkPad T14s Gen 3 (Ryzen 7/16GB/512GB)	35000000.00	hoan_thanh	6	2022-02-08 00:00:00+00
25	CT-GT-0025	2022-02-25 00:00:00+00	GhiTang	Ghi tăng Asus ProArt Studiobook 16 OLED (i9/32GB/1TB)	55000000.00	hoan_thanh	6	2022-02-25 00:00:00+00
26	CT-GT-0026	2022-03-14 00:00:00+00	GhiTang	Ghi tăng Apple MacBook Air 15" M2 (16GB/512GB)	38000000.00	hoan_thanh	6	2022-03-14 00:00:00+00
27	CT-GT-0027	2022-03-31 00:00:00+00	GhiTang	Ghi tăng Dell Precision 5570 (i7/32GB/1TB, Workstation)	55000000.00	hoan_thanh	6	2022-03-31 00:00:00+00
28	CT-GT-0028	2022-04-17 00:00:00+00	GhiTang	Ghi tăng Lenovo ThinkPad X1 Carbon Gen 11 (i7/16GB/1TB)	45000000.00	hoan_thanh	6	2022-04-17 00:00:00+00
29	CT-GT-0029	2022-05-04 00:00:00+00	GhiTang	Ghi tăng HP ZBook Firefly 14 G10 (i7/32GB/1TB)	42000000.00	hoan_thanh	6	2022-05-04 00:00:00+00
30	CT-GT-0030	2022-05-21 00:00:00+00	GhiTang	Ghi tăng Dell XPS 13 9310 (i7/16GB/512GB)	35000000.00	hoan_thanh	6	2022-05-21 00:00:00+00
31	CT-GT-0031	2022-06-07 00:00:00+00	GhiTang	Ghi tăng Apple MacBook Pro 14" M3 (16GB/512GB)	55000000.00	hoan_thanh	6	2022-06-07 00:00:00+00
32	CT-GT-0032	2022-06-24 00:00:00+00	GhiTang	Ghi tăng Dell Latitude 7430 (i7/16GB/512GB, vPro)	32000000.00	hoan_thanh	6	2022-06-24 00:00:00+00
33	CT-GT-0033	2022-07-11 00:00:00+00	GhiTang	Ghi tăng HP EliteBook 845 G10 (Ryzen 9/32GB/1TB)	35000000.00	hoan_thanh	6	2022-07-11 00:00:00+00
34	CT-GT-0034	2022-07-28 00:00:00+00	GhiTang	Ghi tăng Lenovo ThinkPad T14s Gen 3 (Ryzen 7/16GB/512GB)	35000000.00	hoan_thanh	6	2022-07-28 00:00:00+00
35	CT-GT-0035	2022-08-14 00:00:00+00	GhiTang	Ghi tăng Asus ProArt Studiobook 16 OLED (i9/32GB/1TB)	55000000.00	hoan_thanh	6	2022-08-14 00:00:00+00
36	CT-GT-0036	2022-08-31 00:00:00+00	GhiTang	Ghi tăng Toyota Innova Crysta 2.0G MT 2023 (7 chỗ)	980000000.00	hoan_thanh	6	2022-08-31 00:00:00+00
37	CT-GT-0037	2022-09-17 00:00:00+00	GhiTang	Ghi tăng Ford Ranger Wildtrak 2.0L Bi-Turbo AT 2023 (Pickup)	920000000.00	hoan_thanh	6	2022-09-17 00:00:00+00
38	CT-GT-0038	2022-10-04 00:00:00+00	GhiTang	Ghi tăng Mercedes-Benz GLC 300 4MATIC 2023	2299000000.00	hoan_thanh	6	2022-10-04 00:00:00+00
39	CT-GT-0039	2022-10-21 00:00:00+00	GhiTang	Ghi tăng VinFast VF9 Plus 2023	1500000000.00	hoan_thanh	6	2022-10-21 00:00:00+00
40	CT-GT-0040	2022-11-07 00:00:00+00	GhiTang	Ghi tăng Dell PowerEdge R750xs (2×Xeon Silver, 128GB RAM, 4×3.5" HDD 4TB)	280000000.00	hoan_thanh	6	2022-11-07 00:00:00+00
41	CT-GT-0041	2022-11-24 00:00:00+00	GhiTang	Ghi tăng Cisco Catalyst 9200L-24P-4G (Switch 24-port PoE)	45000000.00	hoan_thanh	6	2022-11-24 00:00:00+00
42	CT-GT-0042	2022-12-11 00:00:00+00	GhiTang	Ghi tăng Fortinet FortiGate 100F (NGFW, Firewall)	90000000.00	hoan_thanh	6	2022-12-11 00:00:00+00
43	CT-GT-0043	2022-12-28 00:00:00+00	GhiTang	Ghi tăng Cisco Meraki MS120-48LP (Cloud Managed Switch)	35000000.00	hoan_thanh	6	2022-12-28 00:00:00+00
44	CT-GT-0044	2023-01-14 00:00:00+00	GhiTang	Ghi tăng Palo Alto PA-440 (Next-Gen Firewall)	120000000.00	hoan_thanh	6	2023-01-14 00:00:00+00
\.


--
-- TOC entry 3645 (class 0 OID 442423)
-- Dependencies: 255
-- Data for Name: danh_muc_tai_san; Type: TABLE DATA; Schema: asset; Owner: neondb_owner
--

COPY asset.danh_muc_tai_san ("Id", "MaDanhMuc", "TenDanhMuc", "TienTo", "ThoiGianKhauHao", "MaTaiKhoan") FROM stdin;
1	LAP	Máy tính xách tay (Laptop)	LAP	36	2114
2	SRV	Máy chủ & Thiết bị lưu trữ (NAS)	SRV	60	2112
3	OTO	Phương tiện vận tải (Ô tô)	OTO	120	2113
4	NET	Thiết bị mạng & Bảo mật	NET	36	2112
\.


--
-- TOC entry 3653 (class 0 OID 442505)
-- Dependencies: 263
-- Data for Name: dieu_chuyen_tai_san; Type: TABLE DATA; Schema: asset; Owner: neondb_owner
--

COPY asset.dieu_chuyen_tai_san ("Id", "TaiSanId", "LoaiDieuChuyen", "NgayThucHien", "TuPhongBanId", "DenPhongBanId", "TuNguoiDungId", "DenNguoiDungId", "TrangThai", "GhiChu", "NgayTao") FROM stdin;
1	1	CapPhat	2021-01-18 00:00:00+00	\N	1	\N	1	da_hoan_thanh	Cấp phát tài sản để bắt đầu sử dụng	2021-01-18 00:00:00+00
2	2	CapPhat	2021-02-04 00:00:00+00	\N	1	\N	2	da_hoan_thanh	Cấp phát tài sản để bắt đầu sử dụng	2021-02-04 00:00:00+00
3	3	CapPhat	2021-02-21 00:00:00+00	\N	1	\N	3	da_hoan_thanh	Cấp phát tài sản để bắt đầu sử dụng	2021-02-21 00:00:00+00
4	4	CapPhat	2021-03-10 00:00:00+00	\N	1	\N	4	da_hoan_thanh	Cấp phát tài sản để bắt đầu sử dụng	2021-03-10 00:00:00+00
5	5	CapPhat	2021-03-27 00:00:00+00	\N	2	\N	5	da_hoan_thanh	Cấp phát tài sản để bắt đầu sử dụng	2021-03-27 00:00:00+00
6	6	CapPhat	2021-04-13 00:00:00+00	\N	2	\N	6	da_hoan_thanh	Cấp phát tài sản để bắt đầu sử dụng	2021-04-13 00:00:00+00
7	7	CapPhat	2021-04-30 00:00:00+00	\N	2	\N	7	da_hoan_thanh	Cấp phát tài sản để bắt đầu sử dụng	2021-04-30 00:00:00+00
8	8	CapPhat	2021-05-17 00:00:00+00	\N	2	\N	8	da_hoan_thanh	Cấp phát tài sản để bắt đầu sử dụng	2021-05-17 00:00:00+00
9	9	CapPhat	2021-06-03 00:00:00+00	\N	2	\N	9	da_hoan_thanh	Cấp phát tài sản để bắt đầu sử dụng	2021-06-03 00:00:00+00
10	10	CapPhat	2021-06-20 00:00:00+00	\N	3	\N	10	da_hoan_thanh	Cấp phát tài sản để bắt đầu sử dụng	2021-06-20 00:00:00+00
11	11	CapPhat	2021-07-07 00:00:00+00	\N	3	\N	11	da_hoan_thanh	Cấp phát tài sản để bắt đầu sử dụng	2021-07-07 00:00:00+00
12	12	CapPhat	2021-07-24 00:00:00+00	\N	4	\N	12	da_hoan_thanh	Cấp phát tài sản để bắt đầu sử dụng	2021-07-24 00:00:00+00
13	13	CapPhat	2021-08-10 00:00:00+00	\N	4	\N	13	da_hoan_thanh	Cấp phát tài sản để bắt đầu sử dụng	2021-08-10 00:00:00+00
14	14	CapPhat	2021-08-27 00:00:00+00	\N	4	\N	14	da_hoan_thanh	Cấp phát tài sản để bắt đầu sử dụng	2021-08-27 00:00:00+00
15	15	CapPhat	2021-09-13 00:00:00+00	\N	5	\N	15	da_hoan_thanh	Cấp phát tài sản để bắt đầu sử dụng	2021-09-13 00:00:00+00
16	16	CapPhat	2021-09-30 00:00:00+00	\N	5	\N	16	da_hoan_thanh	Cấp phát tài sản để bắt đầu sử dụng	2021-09-30 00:00:00+00
17	17	CapPhat	2021-10-17 00:00:00+00	\N	5	\N	17	da_hoan_thanh	Cấp phát tài sản để bắt đầu sử dụng	2021-10-17 00:00:00+00
18	18	CapPhat	2021-11-03 00:00:00+00	\N	5	\N	18	da_hoan_thanh	Cấp phát tài sản để bắt đầu sử dụng	2021-11-03 00:00:00+00
19	19	CapPhat	2021-11-20 00:00:00+00	\N	5	\N	19	da_hoan_thanh	Cấp phát tài sản để bắt đầu sử dụng	2021-11-20 00:00:00+00
20	20	CapPhat	2021-12-07 00:00:00+00	\N	6	\N	20	da_hoan_thanh	Cấp phát tài sản để bắt đầu sử dụng	2021-12-07 00:00:00+00
21	21	CapPhat	2021-12-24 00:00:00+00	\N	6	\N	21	da_hoan_thanh	Cấp phát tài sản để bắt đầu sử dụng	2021-12-24 00:00:00+00
22	22	CapPhat	2022-01-10 00:00:00+00	\N	6	\N	22	da_hoan_thanh	Cấp phát tài sản để bắt đầu sử dụng	2022-01-10 00:00:00+00
23	23	CapPhat	2022-01-27 00:00:00+00	\N	6	\N	23	da_hoan_thanh	Cấp phát tài sản để bắt đầu sử dụng	2022-01-27 00:00:00+00
24	24	CapPhat	2022-02-13 00:00:00+00	\N	6	\N	24	da_hoan_thanh	Cấp phát tài sản để bắt đầu sử dụng	2022-02-13 00:00:00+00
25	25	CapPhat	2022-03-02 00:00:00+00	\N	6	\N	25	da_hoan_thanh	Cấp phát tài sản để bắt đầu sử dụng	2022-03-02 00:00:00+00
26	26	CapPhat	2022-03-19 00:00:00+00	\N	6	\N	26	da_hoan_thanh	Cấp phát tài sản để bắt đầu sử dụng	2022-03-19 00:00:00+00
27	27	CapPhat	2022-04-05 00:00:00+00	\N	6	\N	27	da_hoan_thanh	Cấp phát tài sản để bắt đầu sử dụng	2022-04-05 00:00:00+00
28	28	CapPhat	2022-04-22 00:00:00+00	\N	6	\N	28	da_hoan_thanh	Cấp phát tài sản để bắt đầu sử dụng	2022-04-22 00:00:00+00
29	29	CapPhat	2022-05-09 00:00:00+00	\N	6	\N	29	da_hoan_thanh	Cấp phát tài sản để bắt đầu sử dụng	2022-05-09 00:00:00+00
30	30	CapPhat	2022-05-26 00:00:00+00	\N	7	\N	30	da_hoan_thanh	Cấp phát tài sản để bắt đầu sử dụng	2022-05-26 00:00:00+00
31	31	CapPhat	2022-06-12 00:00:00+00	\N	7	\N	31	da_hoan_thanh	Cấp phát tài sản để bắt đầu sử dụng	2022-06-12 00:00:00+00
32	32	CapPhat	2022-06-29 00:00:00+00	\N	7	\N	32	da_hoan_thanh	Cấp phát tài sản để bắt đầu sử dụng	2022-06-29 00:00:00+00
33	33	CapPhat	2022-07-16 00:00:00+00	\N	8	\N	33	da_hoan_thanh	Cấp phát tài sản để bắt đầu sử dụng	2022-07-16 00:00:00+00
34	34	CapPhat	2022-08-02 00:00:00+00	\N	8	\N	34	da_hoan_thanh	Cấp phát tài sản để bắt đầu sử dụng	2022-08-02 00:00:00+00
35	35	CapPhat	2022-08-19 00:00:00+00	\N	8	\N	35	da_hoan_thanh	Cấp phát tài sản để bắt đầu sử dụng	2022-08-19 00:00:00+00
36	36	CapPhat	2022-09-05 00:00:00+00	\N	1	\N	1	da_hoan_thanh	Cấp phát tài sản để bắt đầu sử dụng	2022-09-05 00:00:00+00
37	37	CapPhat	2022-09-22 00:00:00+00	\N	1	\N	2	da_hoan_thanh	Cấp phát tài sản để bắt đầu sử dụng	2022-09-22 00:00:00+00
38	38	CapPhat	2022-10-09 00:00:00+00	\N	1	\N	3	da_hoan_thanh	Cấp phát tài sản để bắt đầu sử dụng	2022-10-09 00:00:00+00
39	39	CapPhat	2022-10-26 00:00:00+00	\N	1	\N	4	da_hoan_thanh	Cấp phát tài sản để bắt đầu sử dụng	2022-10-26 00:00:00+00
40	40	CapPhat	2022-11-12 00:00:00+00	\N	4	\N	12	da_hoan_thanh	Cấp phát tài sản để bắt đầu sử dụng	2022-11-12 00:00:00+00
41	41	CapPhat	2022-11-29 00:00:00+00	\N	4	\N	12	da_hoan_thanh	Cấp phát tài sản để bắt đầu sử dụng	2022-11-29 00:00:00+00
42	42	CapPhat	2022-12-16 00:00:00+00	\N	4	\N	12	da_hoan_thanh	Cấp phát tài sản để bắt đầu sử dụng	2022-12-16 00:00:00+00
43	43	CapPhat	2023-01-02 00:00:00+00	\N	4	\N	12	da_hoan_thanh	Cấp phát tài sản để bắt đầu sử dụng	2023-01-02 00:00:00+00
44	44	CapPhat	2023-01-19 00:00:00+00	\N	4	\N	12	da_hoan_thanh	Cấp phát tài sản để bắt đầu sử dụng	2023-01-19 00:00:00+00
\.


--
-- TOC entry 3655 (class 0 OID 442528)
-- Dependencies: 265
-- Data for Name: lich_su_khau_hao; Type: TABLE DATA; Schema: asset; Owner: neondb_owner
--

COPY asset.lich_su_khau_hao ("Id", "TaiSanId", "ChungTuId", "KyKhauHao", "SoTien", "LuyKeSauKhauHao", "ConLaiSauKhauHao", "NgayTao") FROM stdin;
\.


--
-- TOC entry 3639 (class 0 OID 442392)
-- Dependencies: 249
-- Data for Name: lo_tai_san; Type: TABLE DATA; Schema: asset; Owner: neondb_owner
--

COPY asset.lo_tai_san ("Id", "MaLo", "SoLuong", "TongGiaTri", "NgayTao") FROM stdin;
\.


--
-- TOC entry 3641 (class 0 OID 442400)
-- Dependencies: 251
-- Data for Name: phong_ban; Type: TABLE DATA; Schema: asset; Owner: neondb_owner
--

COPY asset.phong_ban ("Id", "MaPhongBan", "TenPhongBan") FROM stdin;
1	BGD	Ban giám đốc
2	KT	Phòng kế toán
3	NS	Phòng nhân sự
4	TECH	Phòng kỹ thuật
5	PROD	Phòng sản phẩm
6	DEV	Phòng phát triển phần mềm
7	PMO	Phòng quản lý dự án
8	DESIGN	Phòng thiết kế UI/UX
\.


--
-- TOC entry 3643 (class 0 OID 442408)
-- Dependencies: 253
-- Data for Name: tai_khoan_ke_toan; Type: TABLE DATA; Schema: asset; Owner: neondb_owner
--

COPY asset.tai_khoan_ke_toan ("Id", "MaTaiKhoan", "TenTaiKhoan", "LoaiTaiKhoan", "MaTaiKhoanCha") FROM stdin;
1	111	Tiền mặt	Tài sản	\N
2	112	Tiền gửi ngân hàng	Tài sản	\N
3	331	Phải trả cho người bán	Nguồn vốn	\N
4	211	Tài sản cố định hữu hình	Tài sản	\N
11	214	Hao mòn tài sản cố định	Nguồn vốn	\N
16	627	Chi phí sản xuất chung	Chi phí	\N
17	641	Chi phí bán hàng	Chi phí	\N
18	642	Chi phí quản lý doanh nghiệp	Chi phí	\N
19	811	Chi phí khác (Lỗ thanh lý)	Chi phí	\N
20	711	Thu nhập khác (Lãi thanh lý)	Doanh thu	\N
5	2111	Nhà cửa, vật kiến trúc	Tài sản	211
6	2112	Máy móc, thiết bị	Tài sản	211
7	2113	Phương tiện vận tải, truyền dẫn	Tài sản	211
8	2114	Thiết bị, dụng cụ quản lý	Tài sản	211
12	2141	Hao mòn TSCĐ hữu hình	Nguồn vốn	214
\.


--
-- TOC entry 3647 (class 0 OID 442436)
-- Dependencies: 257
-- Data for Name: tai_san; Type: TABLE DATA; Schema: asset; Owner: neondb_owner
--

COPY asset.tai_san ("Id", "MaTaiSan", "PhuongThucThanhToan", "TenTaiSan", "DanhMucId", "LoId", "SoThuTuTrongLo", "TongSoTrongLo", "TrangThai", "SoSeri", "NhaSanXuat", "MoTa", "ThongSoKyThuat", "NgayMua", "NguyenGia", "GiaTriConLai", "KhauHaoLuyKe", "KhauHaoHangThang", "PhuongPhapKhauHao", "ThoiGianKhauHao", "MaTaiKhoan", "PhongBanId", "NguoiDungId", "NgayCapPhat", "NgayTao", "NgayCapNhat") FROM stdin;
1	LAP-0001	ChuyenKhoan	Apple MacBook Pro 14" M3 (16GB/512GB)	1	\N	\N	\N	DangSuDung	SN-LAP-000001	Apple	\N	\N	2021-01-13 00:00:00+00	55000000.00	55000000.00	0.00	1527777.78	DuongThang	36	2114	1	1	2021-01-18 00:00:00+00	2021-01-13 00:00:00+00	\N
2	LAP-0002	ChuyenKhoan	Dell Latitude 7430 (i7/16GB/512GB, vPro)	1	\N	\N	\N	DangSuDung	SN-LAP-000002	Dell	\N	\N	2021-01-30 00:00:00+00	32000000.00	32000000.00	0.00	888888.89	DuongThang	36	2114	1	2	2021-02-04 00:00:00+00	2021-01-30 00:00:00+00	\N
3	LAP-0003	TienMat	HP EliteBook 845 G10 (Ryzen 9/32GB/1TB)	1	\N	\N	\N	DangSuDung	SN-LAP-000003	HP	\N	\N	2021-02-16 00:00:00+00	35000000.00	35000000.00	0.00	972222.22	DuongThang	36	2114	1	3	2021-02-21 00:00:00+00	2021-02-16 00:00:00+00	\N
4	LAP-0004	ChuyenKhoan	Lenovo ThinkPad T14s Gen 3 (Ryzen 7/16GB/512GB)	1	\N	\N	\N	DangSuDung	SN-LAP-000004	Lenovo	\N	\N	2021-03-05 00:00:00+00	35000000.00	35000000.00	0.00	972222.22	DuongThang	36	2114	1	4	2021-03-10 00:00:00+00	2021-03-05 00:00:00+00	\N
5	LAP-0005	ChuyenKhoan	Asus ProArt Studiobook 16 OLED (i9/32GB/1TB)	1	\N	\N	\N	DangSuDung	SN-LAP-000005	Asus	\N	\N	2021-03-22 00:00:00+00	55000000.00	55000000.00	0.00	1527777.78	DuongThang	36	2114	2	5	2021-03-27 00:00:00+00	2021-03-22 00:00:00+00	\N
6	LAP-0006	TienMat	Apple MacBook Air 15" M2 (16GB/512GB)	1	\N	\N	\N	DangSuDung	SN-LAP-000006	Apple	\N	\N	2021-04-08 00:00:00+00	38000000.00	38000000.00	0.00	1055555.56	DuongThang	36	2114	2	6	2021-04-13 00:00:00+00	2021-04-08 00:00:00+00	\N
7	LAP-0007	ChuyenKhoan	Dell Precision 5570 (i7/32GB/1TB, Workstation)	1	\N	\N	\N	DangSuDung	SN-LAP-000007	Dell	\N	\N	2021-04-25 00:00:00+00	55000000.00	55000000.00	0.00	1527777.78	DuongThang	36	2114	2	7	2021-04-30 00:00:00+00	2021-04-25 00:00:00+00	\N
8	LAP-0008	ChuyenKhoan	Lenovo ThinkPad X1 Carbon Gen 11 (i7/16GB/1TB)	1	\N	\N	\N	DangSuDung	SN-LAP-000008	Lenovo	\N	\N	2021-05-12 00:00:00+00	45000000.00	45000000.00	0.00	1250000.00	DuongThang	36	2114	2	8	2021-05-17 00:00:00+00	2021-05-12 00:00:00+00	\N
9	LAP-0009	TienMat	HP ZBook Firefly 14 G10 (i7/32GB/1TB)	1	\N	\N	\N	DangSuDung	SN-LAP-000009	HP	\N	\N	2021-05-29 00:00:00+00	42000000.00	42000000.00	0.00	1166666.67	DuongThang	36	2114	2	9	2021-06-03 00:00:00+00	2021-05-29 00:00:00+00	\N
10	LAP-0010	ChuyenKhoan	Dell XPS 13 9310 (i7/16GB/512GB)	1	\N	\N	\N	DangSuDung	SN-LAP-000010	Dell	\N	\N	2021-06-15 00:00:00+00	35000000.00	35000000.00	0.00	972222.22	DuongThang	36	2114	3	10	2021-06-20 00:00:00+00	2021-06-15 00:00:00+00	\N
11	LAP-0011	ChuyenKhoan	Apple MacBook Pro 14" M3 (16GB/512GB)	1	\N	\N	\N	DangSuDung	SN-LAP-000011	Apple	\N	\N	2021-07-02 00:00:00+00	55000000.00	55000000.00	0.00	1527777.78	DuongThang	36	2114	3	11	2021-07-07 00:00:00+00	2021-07-02 00:00:00+00	\N
12	LAP-0012	TienMat	Dell Latitude 7430 (i7/16GB/512GB, vPro)	1	\N	\N	\N	DangSuDung	SN-LAP-000012	Dell	\N	\N	2021-07-19 00:00:00+00	32000000.00	32000000.00	0.00	888888.89	DuongThang	36	2114	4	12	2021-07-24 00:00:00+00	2021-07-19 00:00:00+00	\N
13	LAP-0013	ChuyenKhoan	HP EliteBook 845 G10 (Ryzen 9/32GB/1TB)	1	\N	\N	\N	DangSuDung	SN-LAP-000013	HP	\N	\N	2021-08-05 00:00:00+00	35000000.00	35000000.00	0.00	972222.22	DuongThang	36	2114	4	13	2021-08-10 00:00:00+00	2021-08-05 00:00:00+00	\N
14	LAP-0014	ChuyenKhoan	Lenovo ThinkPad T14s Gen 3 (Ryzen 7/16GB/512GB)	1	\N	\N	\N	DangSuDung	SN-LAP-000014	Lenovo	\N	\N	2021-08-22 00:00:00+00	35000000.00	35000000.00	0.00	972222.22	DuongThang	36	2114	4	14	2021-08-27 00:00:00+00	2021-08-22 00:00:00+00	\N
15	LAP-0015	TienMat	Asus ProArt Studiobook 16 OLED (i9/32GB/1TB)	1	\N	\N	\N	DangSuDung	SN-LAP-000015	Asus	\N	\N	2021-09-08 00:00:00+00	55000000.00	55000000.00	0.00	1527777.78	DuongThang	36	2114	5	15	2021-09-13 00:00:00+00	2021-09-08 00:00:00+00	\N
16	LAP-0016	ChuyenKhoan	Apple MacBook Air 15" M2 (16GB/512GB)	1	\N	\N	\N	DangSuDung	SN-LAP-000016	Apple	\N	\N	2021-09-25 00:00:00+00	38000000.00	38000000.00	0.00	1055555.56	DuongThang	36	2114	5	16	2021-09-30 00:00:00+00	2021-09-25 00:00:00+00	\N
17	LAP-0017	ChuyenKhoan	Dell Precision 5570 (i7/32GB/1TB, Workstation)	1	\N	\N	\N	DangSuDung	SN-LAP-000017	Dell	\N	\N	2021-10-12 00:00:00+00	55000000.00	55000000.00	0.00	1527777.78	DuongThang	36	2114	5	17	2021-10-17 00:00:00+00	2021-10-12 00:00:00+00	\N
18	LAP-0018	TienMat	Lenovo ThinkPad X1 Carbon Gen 11 (i7/16GB/1TB)	1	\N	\N	\N	DangSuDung	SN-LAP-000018	Lenovo	\N	\N	2021-10-29 00:00:00+00	45000000.00	45000000.00	0.00	1250000.00	DuongThang	36	2114	5	18	2021-11-03 00:00:00+00	2021-10-29 00:00:00+00	\N
19	LAP-0019	ChuyenKhoan	HP ZBook Firefly 14 G10 (i7/32GB/1TB)	1	\N	\N	\N	DangSuDung	SN-LAP-000019	HP	\N	\N	2021-11-15 00:00:00+00	42000000.00	42000000.00	0.00	1166666.67	DuongThang	36	2114	5	19	2021-11-20 00:00:00+00	2021-11-15 00:00:00+00	\N
20	LAP-0020	ChuyenKhoan	Dell XPS 13 9310 (i7/16GB/512GB)	1	\N	\N	\N	DangSuDung	SN-LAP-000020	Dell	\N	\N	2021-12-02 00:00:00+00	35000000.00	35000000.00	0.00	972222.22	DuongThang	36	2114	6	20	2021-12-07 00:00:00+00	2021-12-02 00:00:00+00	\N
21	LAP-0021	TienMat	Apple MacBook Pro 14" M3 (16GB/512GB)	1	\N	\N	\N	DangSuDung	SN-LAP-000021	Apple	\N	\N	2021-12-19 00:00:00+00	55000000.00	55000000.00	0.00	1527777.78	DuongThang	36	2114	6	21	2021-12-24 00:00:00+00	2021-12-19 00:00:00+00	\N
22	LAP-0022	ChuyenKhoan	Dell Latitude 7430 (i7/16GB/512GB, vPro)	1	\N	\N	\N	DangSuDung	SN-LAP-000022	Dell	\N	\N	2022-01-05 00:00:00+00	32000000.00	32000000.00	0.00	888888.89	DuongThang	36	2114	6	22	2022-01-10 00:00:00+00	2022-01-05 00:00:00+00	\N
23	LAP-0023	ChuyenKhoan	HP EliteBook 845 G10 (Ryzen 9/32GB/1TB)	1	\N	\N	\N	DangSuDung	SN-LAP-000023	HP	\N	\N	2022-01-22 00:00:00+00	35000000.00	35000000.00	0.00	972222.22	DuongThang	36	2114	6	23	2022-01-27 00:00:00+00	2022-01-22 00:00:00+00	\N
24	LAP-0024	TienMat	Lenovo ThinkPad T14s Gen 3 (Ryzen 7/16GB/512GB)	1	\N	\N	\N	DangSuDung	SN-LAP-000024	Lenovo	\N	\N	2022-02-08 00:00:00+00	35000000.00	35000000.00	0.00	972222.22	DuongThang	36	2114	6	24	2022-02-13 00:00:00+00	2022-02-08 00:00:00+00	\N
25	LAP-0025	ChuyenKhoan	Asus ProArt Studiobook 16 OLED (i9/32GB/1TB)	1	\N	\N	\N	DangSuDung	SN-LAP-000025	Asus	\N	\N	2022-02-25 00:00:00+00	55000000.00	55000000.00	0.00	1527777.78	DuongThang	36	2114	6	25	2022-03-02 00:00:00+00	2022-02-25 00:00:00+00	\N
26	LAP-0026	ChuyenKhoan	Apple MacBook Air 15" M2 (16GB/512GB)	1	\N	\N	\N	DangSuDung	SN-LAP-000026	Apple	\N	\N	2022-03-14 00:00:00+00	38000000.00	38000000.00	0.00	1055555.56	DuongThang	36	2114	6	26	2022-03-19 00:00:00+00	2022-03-14 00:00:00+00	\N
27	LAP-0027	TienMat	Dell Precision 5570 (i7/32GB/1TB, Workstation)	1	\N	\N	\N	DangSuDung	SN-LAP-000027	Dell	\N	\N	2022-03-31 00:00:00+00	55000000.00	55000000.00	0.00	1527777.78	DuongThang	36	2114	6	27	2022-04-05 00:00:00+00	2022-03-31 00:00:00+00	\N
28	LAP-0028	ChuyenKhoan	Lenovo ThinkPad X1 Carbon Gen 11 (i7/16GB/1TB)	1	\N	\N	\N	DangSuDung	SN-LAP-000028	Lenovo	\N	\N	2022-04-17 00:00:00+00	45000000.00	45000000.00	0.00	1250000.00	DuongThang	36	2114	6	28	2022-04-22 00:00:00+00	2022-04-17 00:00:00+00	\N
29	LAP-0029	ChuyenKhoan	HP ZBook Firefly 14 G10 (i7/32GB/1TB)	1	\N	\N	\N	DangSuDung	SN-LAP-000029	HP	\N	\N	2022-05-04 00:00:00+00	42000000.00	42000000.00	0.00	1166666.67	DuongThang	36	2114	6	29	2022-05-09 00:00:00+00	2022-05-04 00:00:00+00	\N
30	LAP-0030	TienMat	Dell XPS 13 9310 (i7/16GB/512GB)	1	\N	\N	\N	DangSuDung	SN-LAP-000030	Dell	\N	\N	2022-05-21 00:00:00+00	35000000.00	35000000.00	0.00	972222.22	DuongThang	36	2114	7	30	2022-05-26 00:00:00+00	2022-05-21 00:00:00+00	\N
31	LAP-0031	ChuyenKhoan	Apple MacBook Pro 14" M3 (16GB/512GB)	1	\N	\N	\N	DangSuDung	SN-LAP-000031	Apple	\N	\N	2022-06-07 00:00:00+00	55000000.00	55000000.00	0.00	1527777.78	DuongThang	36	2114	7	31	2022-06-12 00:00:00+00	2022-06-07 00:00:00+00	\N
32	LAP-0032	ChuyenKhoan	Dell Latitude 7430 (i7/16GB/512GB, vPro)	1	\N	\N	\N	DangSuDung	SN-LAP-000032	Dell	\N	\N	2022-06-24 00:00:00+00	32000000.00	32000000.00	0.00	888888.89	DuongThang	36	2114	7	32	2022-06-29 00:00:00+00	2022-06-24 00:00:00+00	\N
33	LAP-0033	TienMat	HP EliteBook 845 G10 (Ryzen 9/32GB/1TB)	1	\N	\N	\N	DangSuDung	SN-LAP-000033	HP	\N	\N	2022-07-11 00:00:00+00	35000000.00	35000000.00	0.00	972222.22	DuongThang	36	2114	8	33	2022-07-16 00:00:00+00	2022-07-11 00:00:00+00	\N
34	LAP-0034	ChuyenKhoan	Lenovo ThinkPad T14s Gen 3 (Ryzen 7/16GB/512GB)	1	\N	\N	\N	DangSuDung	SN-LAP-000034	Lenovo	\N	\N	2022-07-28 00:00:00+00	35000000.00	35000000.00	0.00	972222.22	DuongThang	36	2114	8	34	2022-08-02 00:00:00+00	2022-07-28 00:00:00+00	\N
35	LAP-0035	ChuyenKhoan	Asus ProArt Studiobook 16 OLED (i9/32GB/1TB)	1	\N	\N	\N	DangSuDung	SN-LAP-000035	Asus	\N	\N	2022-08-14 00:00:00+00	55000000.00	55000000.00	0.00	1527777.78	DuongThang	36	2114	8	35	2022-08-19 00:00:00+00	2022-08-14 00:00:00+00	\N
36	OTO-0036	TienMat	Toyota Innova Crysta 2.0G MT 2023 (7 chỗ)	3	\N	\N	\N	DangSuDung	SN-OTO-000036	Toyota	\N	\N	2022-08-31 00:00:00+00	980000000.00	980000000.00	0.00	8166666.67	DuongThang	120	2113	1	1	2022-09-05 00:00:00+00	2022-08-31 00:00:00+00	\N
37	OTO-0037	ChuyenKhoan	Ford Ranger Wildtrak 2.0L Bi-Turbo AT 2023 (Pickup)	3	\N	\N	\N	DangSuDung	SN-OTO-000037	Ford	\N	\N	2022-09-17 00:00:00+00	920000000.00	920000000.00	0.00	7666666.67	DuongThang	120	2113	1	2	2022-09-22 00:00:00+00	2022-09-17 00:00:00+00	\N
38	OTO-0038	ChuyenKhoan	Mercedes-Benz GLC 300 4MATIC 2023	3	\N	\N	\N	DangSuDung	SN-OTO-000038	Mercedes-Benz	\N	\N	2022-10-04 00:00:00+00	2299000000.00	2299000000.00	0.00	19158333.33	DuongThang	120	2113	1	3	2022-10-09 00:00:00+00	2022-10-04 00:00:00+00	\N
39	OTO-0039	TienMat	VinFast VF9 Plus 2023	3	\N	\N	\N	DangSuDung	SN-OTO-000039	VinFast	\N	\N	2022-10-21 00:00:00+00	1500000000.00	1500000000.00	0.00	12500000.00	DuongThang	120	2113	1	4	2022-10-26 00:00:00+00	2022-10-21 00:00:00+00	\N
40	SRV-0040	ChuyenKhoan	Dell PowerEdge R750xs (2×Xeon Silver, 128GB RAM, 4×3.5" HDD 4TB)	2	\N	\N	\N	DangSuDung	SN-SRV-000040	Dell	\N	\N	2022-11-07 00:00:00+00	280000000.00	280000000.00	0.00	4666666.67	DuongThang	60	2112	4	12	2022-11-12 00:00:00+00	2022-11-07 00:00:00+00	\N
41	NET-0041	ChuyenKhoan	Cisco Catalyst 9200L-24P-4G (Switch 24-port PoE)	4	\N	\N	\N	DangSuDung	SN-NET-000041	Cisco	\N	\N	2022-11-24 00:00:00+00	45000000.00	45000000.00	0.00	1250000.00	DuongThang	36	2112	4	12	2022-11-29 00:00:00+00	2022-11-24 00:00:00+00	\N
42	NET-0042	TienMat	Fortinet FortiGate 100F (NGFW, Firewall)	4	\N	\N	\N	DangSuDung	SN-NET-000042	Fortinet	\N	\N	2022-12-11 00:00:00+00	90000000.00	90000000.00	0.00	2500000.00	DuongThang	36	2112	4	12	2022-12-16 00:00:00+00	2022-12-11 00:00:00+00	\N
43	NET-0043	ChuyenKhoan	Cisco Meraki MS120-48LP (Cloud Managed Switch)	4	\N	\N	\N	DangSuDung	SN-NET-000043	Cisco	\N	\N	2022-12-28 00:00:00+00	35000000.00	35000000.00	0.00	972222.22	DuongThang	36	2112	4	12	2023-01-02 00:00:00+00	2022-12-28 00:00:00+00	\N
44	NET-0044	ChuyenKhoan	Palo Alto PA-440 (Next-Gen Firewall)	4	\N	\N	\N	DangSuDung	SN-NET-000044	Palo Alto	\N	\N	2023-01-14 00:00:00+00	120000000.00	120000000.00	0.00	3333333.33	DuongThang	36	2112	4	12	2023-01-19 00:00:00+00	2023-01-14 00:00:00+00	\N
\.


--
-- TOC entry 3657 (class 0 OID 442546)
-- Dependencies: 267
-- Data for Name: tai_san_dinh_kem; Type: TABLE DATA; Schema: asset; Owner: neondb_owner
--

COPY asset.tai_san_dinh_kem ("Id", "TaiSanId", "TenFile", "LoaiFile", "DuongDan", "KichThuoc", "NgayTai", "MoTa") FROM stdin;
\.


--
-- TOC entry 3659 (class 0 OID 442559)
-- Dependencies: 269
-- Data for Name: thanh_ly_tai_san; Type: TABLE DATA; Schema: asset; Owner: neondb_owner
--

COPY asset.thanh_ly_tai_san ("Id", "TaiSanId", "NgayThanhLy", "NguyenGia", "KhauHaoLuyKe", "GiaTriConLai", "GiaTriThanhLy", "LaiLo", "LyDo", "GhiChu", "TrangThai", "NgayTao") FROM stdin;
\.


--
-- TOC entry 3619 (class 0 OID 327956)
-- Dependencies: 229
-- Data for Name: AuthAuditLog; Type: TABLE DATA; Schema: auth; Owner: neondb_owner
--

COPY auth."AuthAuditLog" ("auditID", "userID", action, result, detail, ip, "userAgent", "createdAt") FROM stdin;
1	99	Login	OK	sessionID=1	172.16.25.234	Mozilla/5.0 (Windows NT 10.0; Win64; x64) AppleWebKit/537.36 (KHTML, like Gecko) Chrome/148.0.0.0 Safari/537.36	2026-05-12 18:02:34.259945+00
2	6	Login	OK	sessionID=2	172.16.25.234	Mozilla/5.0 (Windows NT 10.0; Win64; x64) AppleWebKit/537.36 (KHTML, like Gecko) Chrome/148.0.0.0 Safari/537.36	2026-05-12 18:03:12.089035+00
3	99	Login	OK	sessionID=3	172.16.25.234	Mozilla/5.0 (Macintosh; Intel Mac OS X 10_15_7) AppleWebKit/537.36 (KHTML, like Gecko) Chrome/148.0.0.0 Safari/537.36	2026-05-13 01:38:34.559193+00
4	99	Login	OK	sessionID=4	172.16.25.234	Mozilla/5.0 (Macintosh; Intel Mac OS X 10_15_7) AppleWebKit/537.36 (KHTML, like Gecko) Chrome/148.0.0.0 Safari/537.36	2026-05-16 07:08:05.065636+00
5	99	Login	OK	sessionID=5	172.16.25.234	Mozilla/5.0 (Macintosh; Intel Mac OS X 10_15_7) AppleWebKit/537.36 (KHTML, like Gecko) Chrome/148.0.0.0 Safari/537.36	2026-05-16 07:20:12.654241+00
6	99	Login	OK	sessionID=6	172.16.25.234	Mozilla/5.0 (Windows NT 10.0; Win64; x64) AppleWebKit/537.36 (KHTML, like Gecko) Chrome/148.0.0.0 Safari/537.36	2026-05-16 07:57:44.316617+00
7	5	Login	OK	sessionID=7	172.16.25.234	Mozilla/5.0 (Windows NT 10.0; Win64; x64) AppleWebKit/537.36 (KHTML, like Gecko) Chrome/148.0.0.0 Safari/537.36	2026-05-16 09:33:25.807407+00
8	6	Login	OK	sessionID=8	172.16.25.234	Mozilla/5.0 (Windows NT 10.0; Win64; x64) AppleWebKit/537.36 (KHTML, like Gecko) Chrome/148.0.0.0 Safari/537.36	2026-05-16 09:34:52.446701+00
9	99	Login	OK	sessionID=9	172.16.11.162	Mozilla/5.0 (Windows NT 10.0; Win64; x64) AppleWebKit/537.36 (KHTML, like Gecko) Chrome/148.0.0.0 Safari/537.36	2026-05-16 09:49:26.711128+00
10	99	Login	OK	sessionID=10	172.16.25.234	Mozilla/5.0 (Windows NT 10.0; Win64; x64) AppleWebKit/537.36 (KHTML, like Gecko) Chrome/148.0.0.0 Safari/537.36	2026-05-18 13:56:51.587634+00
\.


--
-- TOC entry 3621 (class 0 OID 327969)
-- Dependencies: 231
-- Data for Name: AuthEmailVerification; Type: TABLE DATA; Schema: auth; Owner: neondb_owner
--

COPY auth."AuthEmailVerification" ("emailVerificationID", "userID", "codeHash", "createdAt", "expiresAt", "consumedAt") FROM stdin;
\.


--
-- TOC entry 3623 (class 0 OID 327982)
-- Dependencies: 233
-- Data for Name: AuthMfaSecret; Type: TABLE DATA; Schema: auth; Owner: neondb_owner
--

COPY auth."AuthMfaSecret" ("mfaID", "userID", type, status, secret, "isEnabled", label, "recoveryCodes", "enrollmentStartedAt", "enabledAt", "lastVerifiedAt", "updatedAt", "RowVersion") FROM stdin;
\.


--
-- TOC entry 3625 (class 0 OID 327995)
-- Dependencies: 235
-- Data for Name: AuthPasswordReset; Type: TABLE DATA; Schema: auth; Owner: neondb_owner
--

COPY auth."AuthPasswordReset" ("passwordResetID", "userID", "codeHash", "createdAt", "expiresAt", "consumedAt", purpose) FROM stdin;
\.


--
-- TOC entry 3611 (class 0 OID 327916)
-- Dependencies: 221
-- Data for Name: AuthPermission; Type: TABLE DATA; Schema: auth; Owner: neondb_owner
--

COPY auth."AuthPermission" ("permissionID", "permissionName", "permissionDescription", code, scope) FROM stdin;
1	AccountForgotCommit	account.forgot_commit	account.forgot_commit	staff
2	AccountForgotEmailStart	account.forgot_email_start	account.forgot_email_start	staff
3	AccountForgotEmailVerify	account.forgot_email_verify	account.forgot_email_verify	staff
4	AccountForgotMfaVerify	account.forgot_mfa_verify	account.forgot_mfa_verify	staff
5	AccountMfaTotpConfirm	account.mfa_totp_confirm	account.mfa_totp_confirm	staff
6	AccountMfaTotpDisable	account.mfa_totp_disable	account.mfa_totp_disable	staff
7	AccountMfaTotpStart	account.mfa_totp_start	account.mfa_totp_start	staff
8	AccountPasswordChangeCommit	account.password_change_commit	account.password_change_commit	staff
9	AccountPasswordChangeEmailStart	account.password_change_email_start	account.password_change_email_start	staff
10	AccountPasswordChangeEmailVerify	account.password_change_email_verify	account.password_change_email_verify	staff
11	AccountPasswordChangeMfaVerify	account.password_change_mfa_verify	account.password_change_mfa_verify	staff
12	AuditLogGetAll	audit_log.get_all	audit_log.get_all	staff
13	AuditLogGetById	audit_log.get_by_id	audit_log.get_by_id	staff
14	AuditLogGetByUserId	audit_log.get_by_user_id	audit_log.get_by_user_id	staff
15	AuthCreateUser	auth.create_user	auth.create_user	staff
16	AuthLogin	auth.login	auth.login	staff
17	AuthLoginGoogle	auth.login_google	auth.login_google	staff
18	AuthLoginGoogleCallback	auth.login_google_callback	auth.login_google_callback	staff
19	AuthLoginMobile	auth.login_mobile	auth.login_mobile	staff
20	AuthLoginMobileGoogle	auth.login_mobile_google	auth.login_mobile_google	staff
21	AuthLoginStaff	auth.login_staff	auth.login_staff	staff
22	AuthLogout	auth.logout	auth.logout	staff
23	AuthLogoutAll	auth.logout_all	auth.logout_all	staff
24	AuthLogoutSession	auth.logout_session	auth.logout_session	staff
25	AuthMfaVerify	auth.mfa_verify	auth.mfa_verify	staff
26	AuthRefresh	auth.refresh	auth.refresh	staff
27	AuthRegister	auth.register	auth.register	staff
28	AuthSigninGoogle	auth.signin_google	auth.signin_google	staff
29	AuthVerifyRegisterEmail	auth.verify_register_email	auth.verify_register_email	staff
30	BaoTriTaiSanCreate	bao_tri_tai_san.create	bao_tri_tai_san.create	staff
31	BaoTriTaiSanDelete	bao_tri_tai_san.delete	bao_tri_tai_san.delete	staff
32	BaoTriTaiSanGetAll	bao_tri_tai_san.get_all	bao_tri_tai_san.get_all	staff
33	BaoTriTaiSanGetByAsset	bao_tri_tai_san.get_by_asset	bao_tri_tai_san.get_by_asset	staff
34	BaoTriTaiSanGetById	bao_tri_tai_san.get_by_id	bao_tri_tai_san.get_by_id	staff
35	BaoTriTaiSanUpdate	bao_tri_tai_san.update	bao_tri_tai_san.update	staff
36	CauHinhHeThongGet	cau_hinh_he_thong.get	cau_hinh_he_thong.get	staff
37	CauHinhHeThongUpdate	cau_hinh_he_thong.update	cau_hinh_he_thong.update	staff
38	ChungTuCreate	chung_tu.create	chung_tu.create	staff
39	ChungTuDelete	chung_tu.delete	chung_tu.delete	staff
40	ChungTuGenerateCode	chung_tu.generate_code	chung_tu.generate_code	staff
41	ChungTuGetAll	chung_tu.get_all	chung_tu.get_all	staff
42	ChungTuGetByAsset	chung_tu.get_by_asset	chung_tu.get_by_asset	staff
43	ChungTuGetById	chung_tu.get_by_id	chung_tu.get_by_id	staff
44	ChungTuUpdate	chung_tu.update	chung_tu.update	staff
45	DanhMucTaiSanCreate	danh_muc_tai_san.create	danh_muc_tai_san.create	staff
46	DanhMucTaiSanDelete	danh_muc_tai_san.delete	danh_muc_tai_san.delete	staff
47	DanhMucTaiSanGetAll	danh_muc_tai_san.get_all	danh_muc_tai_san.get_all	staff
48	DanhMucTaiSanGetById	danh_muc_tai_san.get_by_id	danh_muc_tai_san.get_by_id	staff
49	DanhMucTaiSanUpdate	danh_muc_tai_san.update	danh_muc_tai_san.update	staff
50	DieuChuyenTaiSanCreate	dieu_chuyen_tai_san.create	dieu_chuyen_tai_san.create	staff
51	DieuChuyenTaiSanDelete	dieu_chuyen_tai_san.delete	dieu_chuyen_tai_san.delete	staff
52	DieuChuyenTaiSanGetAll	dieu_chuyen_tai_san.get_all	dieu_chuyen_tai_san.get_all	staff
53	DieuChuyenTaiSanGetByAsset	dieu_chuyen_tai_san.get_by_asset	dieu_chuyen_tai_san.get_by_asset	staff
54	DieuChuyenTaiSanGetById	dieu_chuyen_tai_san.get_by_id	dieu_chuyen_tai_san.get_by_id	staff
55	DieuChuyenTaiSanUpdate	dieu_chuyen_tai_san.update	dieu_chuyen_tai_san.update	staff
56	LichSuKhauHaoCreate	lich_su_khau_hao.create	lich_su_khau_hao.create	staff
57	LichSuKhauHaoCreateBulk	lich_su_khau_hao.create_bulk	lich_su_khau_hao.create_bulk	staff
58	LichSuKhauHaoDelete	lich_su_khau_hao.delete	lich_su_khau_hao.delete	staff
59	LichSuKhauHaoGetAll	lich_su_khau_hao.get_all	lich_su_khau_hao.get_all	staff
60	LichSuKhauHaoGetByAsset	lich_su_khau_hao.get_by_asset	lich_su_khau_hao.get_by_asset	staff
61	LichSuKhauHaoGetById	lich_su_khau_hao.get_by_id	lich_su_khau_hao.get_by_id	staff
62	LichSuKhauHaoUpdate	lich_su_khau_hao.update	lich_su_khau_hao.update	staff
63	PermissionAdminAdd	permission.admin_add	permission.admin_add	staff
64	PermissionAdminBulkCreate	permission.admin_bulk_create	permission.admin_bulk_create	staff
65	PermissionAdminDelete	permission.admin_delete	permission.admin_delete	staff
66	PermissionAdminGetAll	permission.admin_get_all	permission.admin_get_all	staff
67	PermissionAdminGetById	permission.admin_get_by_id	permission.admin_get_by_id	staff
68	PermissionAdminGetByRoleId	permission.admin_get_by_role_id	permission.admin_get_by_role_id	staff
69	PermissionAdminGetByUserId	permission.admin_get_by_user_id	permission.admin_get_by_user_id	staff
70	PermissionAdminUpdate	permission.admin_update	permission.admin_update	staff
71	PermissionBulkCreate	permission.bulk_create	permission.bulk_create	staff
72	PermissionDelete	permission.delete	permission.delete	staff
73	PermissionGetAll	permission.get_all	permission.get_all	staff
74	PermissionGetById	permission.get_by_id	permission.get_by_id	staff
75	PermissionGetByRoleId	permission.get_by_role_id	permission.get_by_role_id	staff
76	PermissionGetByUserId	permission.get_by_user_id	permission.get_by_user_id	staff
77	PermissionUpdate	permission.update	permission.update	staff
78	PhongBanCreate	phong_ban.create	phong_ban.create	staff
79	PhongBanDelete	phong_ban.delete	phong_ban.delete	staff
80	PhongBanGetAll	phong_ban.get_all	phong_ban.get_all	staff
81	PhongBanGetById	phong_ban.get_by_id	phong_ban.get_by_id	staff
82	PhongBanUpdate	phong_ban.update	phong_ban.update	staff
83	RoleAdd	role.add	role.add	staff
84	RoleAdminAdd	role.admin_add	role.admin_add	staff
85	RoleAdminClone	role.admin_clone	role.admin_clone	staff
86	RoleAdminDelete	role.admin_delete	role.admin_delete	staff
87	RoleAdminUpdate	role.admin_update	role.admin_update	staff
88	RoleClone	role.clone	role.clone	staff
89	RoleDelete	role.delete	role.delete	staff
90	RoleGetAll	role.get_all	role.get_all	staff
91	RoleGetAllScopeUser	role.get_all_scope_user	role.get_all_scope_user	staff
92	RoleGetByUserId	role.get_by_user_id	role.get_by_user_id	staff
93	RolePermissionAdminAssign	role_permission.admin_assign	role_permission.admin_assign	staff
94	RolePermissionAssign	role_permission.assign	role_permission.assign	staff
95	RoleUpdate	role.update	role.update	staff
96	SoCaiGetChiTiet	so_cai.get_chi_tiet	so_cai.get_chi_tiet	staff
97	SoCaiGetTomTat	so_cai.get_tom_tat	so_cai.get_tom_tat	staff
98	TaiKhoanKeToanCreate	tai_khoan_ke_toan.create	tai_khoan_ke_toan.create	staff
99	TaiKhoanKeToanDelete	tai_khoan_ke_toan.delete	tai_khoan_ke_toan.delete	staff
100	TaiKhoanKeToanGetAll	tai_khoan_ke_toan.get_all	tai_khoan_ke_toan.get_all	staff
101	TaiKhoanKeToanGetById	tai_khoan_ke_toan.get_by_id	tai_khoan_ke_toan.get_by_id	staff
102	TaiKhoanKeToanUpdate	tai_khoan_ke_toan.update	tai_khoan_ke_toan.update	staff
103	TaiSanConfirm	tai_san.confirm	tai_san.confirm	staff
104	TaiSanCreate	tai_san.create	tai_san.create	staff
105	TaiSanDelete	tai_san.delete	tai_san.delete	staff
106	TaiSanDinhKemDelete	tai_san_dinh_kem.delete	tai_san_dinh_kem.delete	staff
107	TaiSanDinhKemGetByAsset	tai_san_dinh_kem.get_by_asset	tai_san_dinh_kem.get_by_asset	staff
108	TaiSanDinhKemUpload	tai_san_dinh_kem.upload	tai_san_dinh_kem.upload	staff
109	TaiSanGenerateCode	tai_san.generate_code	tai_san.generate_code	staff
110	TaiSanGetAll	tai_san.get_all	tai_san.get_all	staff
111	TaiSanGetById	tai_san.get_by_id	tai_san.get_by_id	staff
112	TaiSanGetMine	tai_san.get_mine	tai_san.get_mine	staff
113	TaiSanUpdate	tai_san.update	tai_san.update	staff
114	ThanhLyTaiSanCreate	thanh_ly_tai_san.create	thanh_ly_tai_san.create	staff
115	ThanhLyTaiSanDelete	thanh_ly_tai_san.delete	thanh_ly_tai_san.delete	staff
116	ThanhLyTaiSanGetAll	thanh_ly_tai_san.get_all	thanh_ly_tai_san.get_all	staff
117	ThanhLyTaiSanGetByAsset	thanh_ly_tai_san.get_by_asset	thanh_ly_tai_san.get_by_asset	staff
118	ThanhLyTaiSanGetById	thanh_ly_tai_san.get_by_id	thanh_ly_tai_san.get_by_id	staff
119	ThanhLyTaiSanUpdate	thanh_ly_tai_san.update	thanh_ly_tai_san.update	staff
120	UserAdminGetAll	user.admin_get_all	user.admin_get_all	staff
121	UserAdminGetById	user.admin_get_by_id	user.admin_get_by_id	staff
122	UserAdminGetSlimById	user.admin_get_slim_by_id	user.admin_get_slim_by_id	staff
123	UserDelete	user.delete	user.delete	staff
124	UserGetAll	user.get_all	user.get_all	staff
125	UserGetAllSlim	user.get_all_slim	user.get_all_slim	staff
126	UserGetByDepartmentId	user.get_by_department_id	user.get_by_department_id	staff
127	UserGetMe	user.get_me	user.get_me	staff
128	UserGetSlimById	user.get_slim_by_id	user.get_slim_by_id	staff
129	UserRoleAdminAssign	user_role.admin_assign	user_role.admin_assign	staff
130	UserRoleAssign	user_role.assign	user_role.assign	staff
131	UserSessionGetAll	user_session.get_all	user_session.get_all	staff
132	UserSessionGetBySessionId	user_session.get_by_session_id	user_session.get_by_session_id	staff
133	UserSessionGetByUserId	user_session.get_by_user_id	user_session.get_by_user_id	staff
134	UserUpdateProfile	user.update_profile	user.update_profile	staff
135	UserUpdateUsername	user.update_username	user.update_username	staff
\.


--
-- TOC entry 3627 (class 0 OID 328008)
-- Dependencies: 237
-- Data for Name: AuthProfile; Type: TABLE DATA; Schema: auth; Owner: neondb_owner
--

COPY auth."AuthProfile" ("profileID", "userID", "firstName", "lastName", avatar, gender, "dateOfBirth") FROM stdin;
1	1	Phạm Quốc	Hùng	\N	Nam	\N
2	2	Trần Thanh	Tùng	\N	Nam	\N
3	3	Nguyễn Thị Minh	Châu	\N	Nữ	\N
4	4	Lê Quang	Bình	\N	Nam	\N
5	5	Nguyễn Thị	Hương	\N	Nữ	\N
6	6	Lê Bảo	Ngọc	\N	Nữ	\N
7	7	Trần Văn	Hải	\N	Nam	\N
8	8	Phạm Thị	Mai	\N	Nữ	\N
9	9	Võ Xuân	Trường	\N	Nam	\N
10	10	Hoàng Thu	Hà	\N	Nữ	\N
11	11	Bùi Thị	Linh	\N	Nữ	\N
12	12	Đỗ Văn	Tài	\N	Nam	\N
13	13	Nguyễn Công	Minh	\N	Nam	\N
14	14	Hà Thị	Loan	\N	Nữ	\N
15	15	Lý Minh	Quân	\N	Nam	\N
16	16	Đinh Thị Bích	Ngọc	\N	Nữ	\N
17	17	Phan Hữu	Phước	\N	Nam	\N
18	18	Vũ Thị Thùy	Dung	\N	Nữ	\N
19	19	Cao Ngọc	Anh	\N	Nữ	\N
20	20	Đặng Hữu	Thành	\N	Nam	\N
21	21	Nguyễn Văn	Dũng	\N	Nam	\N
22	22	Trần Thị Kim	Oanh	\N	Nữ	\N
23	23	Lê Hoàng	Nam	\N	Nam	\N
24	24	Phạm Tuấn	Anh	\N	Nam	\N
25	25	Vũ Đức	Mạnh	\N	Nam	\N
26	26	Hoàng Thị	Hồng	\N	Nữ	\N
27	27	Bùi Thanh	Phong	\N	Nam	\N
28	28	Đỗ Thành	Đạt	\N	Nam	\N
29	29	Lưu Thị Bảo	Châu	\N	Nữ	\N
30	30	Vũ Thành	Long	\N	Nam	\N
31	31	Nguyễn Bá	Kiên	\N	Nam	\N
32	32	Trần Thị	Phương	\N	Nữ	\N
33	33	Phan Ngọc	Yến	\N	Nữ	\N
34	34	Cao Thị	Bích	\N	Nữ	\N
35	35	Trương Văn	Khải	\N	Nam	\N
99	99	System	Admin	\N	Nam	\N
\.


--
-- TOC entry 3632 (class 0 OID 328049)
-- Dependencies: 242
-- Data for Name: AuthRefreshToken; Type: TABLE DATA; Schema: auth; Owner: neondb_owner
--

COPY auth."AuthRefreshToken" ("refreshTokenID", "userID", "sessionID", "Token", "Expires", "Created", "CreatedByIp", "Revoked", "RevokedByIp", "ReplacedByToken") FROM stdin;
2	6	2	VOqoWvC2fc/x+5/cqg5GGNq6gguOZ0H7B3YSQ3xH0Tzh3/Z1Fdjjv/cHcE03SaMzaeYvh37JtGfGLTnqsH/r/Q==	2026-05-19 18:03:11.753432+00	2026-05-12 18:03:11.753434+00	172.16.25.234	\N	\N	\N
1	99	1	sVglpSZPWj3MeTp0xJHs5EQDMwFl78Cu3MQG8Ei0ol9VOt+dD7YFiyioSjnXabw3wg/CGMtQwZzk0hL9DUoP4w==	2026-05-19 18:02:33.242885+00	2026-05-12 18:02:33.242903+00	172.16.25.234	2026-05-16 07:07:45.624819+00	172.16.25.234	rMAyYNmCPvMJJKr/AgdvsdmBq820yrD6KnCaNngY7g4vTJEWcR1k3rUBUrGCT/+6QExqh2QSo6MR+oSPyYkc9w==
3	99	3	eDUWCLjKXmggL/9SDCGNrtGI3KaN3k7gmR2OKgzoGHg9j56KnICZ71QFiq7n40imgh0rEWCg3cMoMtpW7vVP4A==	2026-05-20 01:38:34.478855+00	2026-05-13 01:38:34.478876+00	172.16.25.234	2026-05-16 07:07:55.151645+00	172.16.25.234	Da1ie5eAeNw+2Yka90H2Rfs/RTrcicHKyuHMsnacHx82IR0VaX5rD3aEKajCvPrXbOs83ACai4b+19/ysRt7rw==
5	99	3	Da1ie5eAeNw+2Yka90H2Rfs/RTrcicHKyuHMsnacHx82IR0VaX5rD3aEKajCvPrXbOs83ACai4b+19/ysRt7rw==	2026-05-23 07:07:55.154919+00	2026-05-16 07:07:55.154921+00	172.16.25.234	\N	\N	\N
6	99	4	AUjI0A/Fg9RyGbQwQ/RBcjBr8wD9+VWIpidPj5w5RJqHkAyZZbdQJAH1lHxYu5SXUTD525W2cCH37UVDlcGpcg==	2026-05-23 07:08:05.051463+00	2026-05-16 07:08:05.051464+00	172.16.25.234	\N	\N	\N
4	99	1	rMAyYNmCPvMJJKr/AgdvsdmBq820yrD6KnCaNngY7g4vTJEWcR1k3rUBUrGCT/+6QExqh2QSo6MR+oSPyYkc9w==	2026-05-23 07:07:45.642908+00	2026-05-16 07:07:45.642927+00	172.16.25.234	2026-05-16 07:38:27.286816+00	172.16.25.234	Z7aWGBt1SuwHfJF3+bsvEZbdXPlM/eSmDYVNX/v91utsWfCAAkSSVpwFPas0B+ojZmtwXjBDHU48P+a7/PfLeQ==
7	99	5	F9VzSnA96WoqF+82PEbX24F0YbIslMsx5ABD1oQ5W67bMvDbeWACDnmStHH6x/Pbn8boofe5rzOjT/ehoB/4Yw==	2026-05-23 07:20:12.598722+00	2026-05-16 07:20:12.598743+00	172.16.25.234	2026-05-16 07:51:18.210634+00	172.16.11.162	D/BqpzyMADv+aPhEuzyGFSs098C1o/Qmg+KrdSIwsiqupI4VSoNE09HI3cepokw7fGrOyOLR744Xp0+5/xIqIg==
10	99	6	lVO2+q7GfUAW0g/Ebt5wWUNsrp81J+a+PuU2oopP+B7/X3HPq9VINX0woAxA6oTKK65GcN+l4V3l68rmfxsbfA==	2026-05-23 07:57:44.217933+00	2026-05-16 07:57:44.21796+00	172.16.25.234	\N	\N	\N
8	99	1	Z7aWGBt1SuwHfJF3+bsvEZbdXPlM/eSmDYVNX/v91utsWfCAAkSSVpwFPas0B+ojZmtwXjBDHU48P+a7/PfLeQ==	2026-05-23 07:38:27.307087+00	2026-05-16 07:38:27.307119+00	172.16.25.234	2026-05-16 08:09:14.236733+00	172.16.25.234	/dblNjrfajyHFJrtPmu0iNAh70kl7CR1lI0z67GYTLxoSNoBvq2B6qAO5OV8q4cVyyydGZh/NYsjK8O2y5qstQ==
11	99	1	/dblNjrfajyHFJrtPmu0iNAh70kl7CR1lI0z67GYTLxoSNoBvq2B6qAO5OV8q4cVyyydGZh/NYsjK8O2y5qstQ==	2026-05-23 08:09:14.257639+00	2026-05-16 08:09:14.25767+00	172.16.25.234	2026-05-16 08:41:49.584367+00	172.16.11.162	Y9f/wQwn+u4jJ8OhT1gTxu0sVN9zmSozxZOt9833u0S4tjdvMlC2mfeO3g8nScL8xxIv8IWv06zdExH2LEXYCg==
9	99	5	D/BqpzyMADv+aPhEuzyGFSs098C1o/Qmg+KrdSIwsiqupI4VSoNE09HI3cepokw7fGrOyOLR744Xp0+5/xIqIg==	2026-05-23 07:51:18.225167+00	2026-05-16 07:51:18.225179+00	172.16.11.162	2026-05-16 08:51:06.571007+00	172.16.25.234	zPwTcSQyF9WGZbLeG11GvHVW0fVdRqaMFiSn2lKfxerutTxnsyD43dAhwuwp7HsTbf2FbI5GCIJuloj9elmpVg==
12	99	1	Y9f/wQwn+u4jJ8OhT1gTxu0sVN9zmSozxZOt9833u0S4tjdvMlC2mfeO3g8nScL8xxIv8IWv06zdExH2LEXYCg==	2026-05-23 08:41:49.597145+00	2026-05-16 08:41:49.597157+00	172.16.11.162	2026-05-16 09:12:42.973694+00	172.16.25.234	zQXukofEUAsEOa6lRUplwQqaW/Kr/5mRPiUevsWqTa6x4osa+JSXZyTKGPMJJUKT00OKjdOaeuCc/7AFK7wH9Q==
14	99	1	zQXukofEUAsEOa6lRUplwQqaW/Kr/5mRPiUevsWqTa6x4osa+JSXZyTKGPMJJUKT00OKjdOaeuCc/7AFK7wH9Q==	2026-05-23 09:12:42.991501+00	2026-05-16 09:12:42.991522+00	172.16.25.234	\N	\N	\N
13	99	5	zPwTcSQyF9WGZbLeG11GvHVW0fVdRqaMFiSn2lKfxerutTxnsyD43dAhwuwp7HsTbf2FbI5GCIJuloj9elmpVg==	2026-05-23 08:51:06.589267+00	2026-05-16 08:51:06.589286+00	172.16.25.234	2026-05-16 09:22:50.268145+00	172.16.25.234	bgkAlQLvLJ0PnGMpFFgpTtjwLJEfxQF2Nkk8y3bTmUkNjfntprHeSdusWdSH7SUjUiplUl5Qqq55fB8jBRn66g==
16	5	7	4XlONjwIwaDxJ+w1D40l0M7bRXzFyMyyS/LwSf1UrQiKEtFgPD4zAw5bExXcY51GadCZLUigDt5ck39tXOlHqQ==	2026-05-23 09:33:25.766216+00	2026-05-16 09:33:25.766234+00	172.16.25.234	\N	\N	\N
17	6	8	bgIj8GBLCcH5MrGDTYdFnRpNsIx6RkiFpeYAHEr0720ocp4L/5hTnQ4YLUUNrXEK2y6LQ0i4NVNee6d+34vGrw==	2026-05-23 09:34:52.43302+00	2026-05-16 09:34:52.433023+00	172.16.25.234	\N	\N	\N
15	99	5	bgkAlQLvLJ0PnGMpFFgpTtjwLJEfxQF2Nkk8y3bTmUkNjfntprHeSdusWdSH7SUjUiplUl5Qqq55fB8jBRn66g==	2026-05-23 09:22:50.274854+00	2026-05-16 09:22:50.27488+00	172.16.25.234	2026-05-16 09:53:52.957873+00	172.16.11.162	GebQJq86ldBFC1wxsEXoKD1nh8l0ApBEjeOcr0htEk0jbd1Wj2HIly+sfgFKhT9hBfbghyWBJBiED/iQGF5h0A==
18	99	9	t0dWyieV+dFcUzB4/NYPD9y+X/3SOXpeosJgvb3Q1RHc04hU7dxJCSTed5mYLvq4FvYeNSFTv5lXpzQOCXsGuQ==	2026-05-23 09:49:26.657734+00	2026-05-16 09:49:26.657748+00	172.16.11.162	2026-05-16 10:26:05.133739+00	172.16.25.234	YO6m7HNwM3oh7EFFtt6fDTyKBZWp2DR6iVQi+TQQzEmNgzf9XZPbH6ok23X4WyLQe5Kr/2ECXurTWUDQJlqhHA==
19	99	5	GebQJq86ldBFC1wxsEXoKD1nh8l0ApBEjeOcr0htEk0jbd1Wj2HIly+sfgFKhT9hBfbghyWBJBiED/iQGF5h0A==	2026-05-23 09:53:52.972606+00	2026-05-16 09:53:52.972619+00	172.16.11.162	2026-05-16 10:26:29.682405+00	172.16.25.234	8r9sUElWgh+eJp1ME+QerM6kmMfZrNgXcEmxnJsHXWm7wUcMATaWU/Om1HhJJzO/w3IEBm+H1UpGyAsoCSi1Rg==
21	99	5	8r9sUElWgh+eJp1ME+QerM6kmMfZrNgXcEmxnJsHXWm7wUcMATaWU/Om1HhJJzO/w3IEBm+H1UpGyAsoCSi1Rg==	2026-05-23 10:26:29.687206+00	2026-05-16 10:26:29.687208+00	172.16.25.234	2026-05-16 16:23:41.581797+00	172.16.25.234	kUpkRwp3DUtSPI9sANmx5niNBzKOUAKc3poYmfcOW7Wfl+HjrxI0rwpWt9y4VAh/bNbGnJMuR5cmuvJmX5BFQw==
22	99	5	kUpkRwp3DUtSPI9sANmx5niNBzKOUAKc3poYmfcOW7Wfl+HjrxI0rwpWt9y4VAh/bNbGnJMuR5cmuvJmX5BFQw==	2026-05-23 16:23:41.600194+00	2026-05-16 16:23:41.600214+00	172.16.25.234	2026-05-16 17:04:47.484064+00	172.16.25.234	AMMRBQYZkTVgtERDmDeU6mX16L7kZyiEtc7EfPEalVPSgpA+Xnk98BqRHiLiD8arOLdRF35KKZsz97KflxpzKg==
23	99	5	AMMRBQYZkTVgtERDmDeU6mX16L7kZyiEtc7EfPEalVPSgpA+Xnk98BqRHiLiD8arOLdRF35KKZsz97KflxpzKg==	2026-05-23 17:04:47.501948+00	2026-05-16 17:04:47.501989+00	172.16.25.234	\N	\N	\N
20	99	9	YO6m7HNwM3oh7EFFtt6fDTyKBZWp2DR6iVQi+TQQzEmNgzf9XZPbH6ok23X4WyLQe5Kr/2ECXurTWUDQJlqhHA==	2026-05-23 10:26:05.153604+00	2026-05-16 10:26:05.153632+00	172.16.25.234	2026-05-18 13:35:32.926568+00	172.16.25.234	Man+sdqPBU0QZzzTuxxKksfXgTlBSck8FJNHdMABkiPGMOfhUB7X5ituug/9wgoEE/nYv97N2yk3LtiDmY4KMQ==
25	99	10	iJpm9LTK6Ka+JS0HsLolASYm9OtfwaNeKKChnB9E3mvXt3JY3x7cXACsHUXJYYjIpQ3EttxOMA0dBgUIrfb8kw==	2026-05-25 13:56:51.503783+00	2026-05-18 13:56:51.503803+00	172.16.25.234	2026-05-18 14:30:29.012714+00	172.16.25.234	tnTXkLXXRl/Nx4yqosB1yK8HqbdEROfMZvOXs6G53vvb0Bdd+tGArM6tsVHdWK/jqKr6CyIIkQgI7uWvSmVBqA==
24	99	9	Man+sdqPBU0QZzzTuxxKksfXgTlBSck8FJNHdMABkiPGMOfhUB7X5ituug/9wgoEE/nYv97N2yk3LtiDmY4KMQ==	2026-05-25 13:35:32.947324+00	2026-05-18 13:35:32.947348+00	172.16.25.234	2026-05-18 14:38:22.015499+00	172.16.11.162	HuLe1K9vrU9DNgAlOPDR4+7NbonPgGbx6z0nY/IoMkyODNcb6UMARGAq5WvU18RyM4eVFFfuF3W+NjawTPDq5Q==
27	99	9	HuLe1K9vrU9DNgAlOPDR4+7NbonPgGbx6z0nY/IoMkyODNcb6UMARGAq5WvU18RyM4eVFFfuF3W+NjawTPDq5Q==	2026-05-25 14:38:22.030001+00	2026-05-18 14:38:22.030012+00	172.16.11.162	\N	\N	\N
26	99	10	tnTXkLXXRl/Nx4yqosB1yK8HqbdEROfMZvOXs6G53vvb0Bdd+tGArM6tsVHdWK/jqKr6CyIIkQgI7uWvSmVBqA==	2026-05-25 14:30:29.034056+00	2026-05-18 14:30:29.034088+00	172.16.25.234	2026-05-18 15:01:03.173921+00	172.16.25.234	YvvQGta0DTTftotCmO00TLw/f1JaBw/XeNa8E6OlExmqA/k8BUxrZc9Y628WN1KtFSmC+JM3b1NcwQXaUIBBcQ==
28	99	10	YvvQGta0DTTftotCmO00TLw/f1JaBw/XeNa8E6OlExmqA/k8BUxrZc9Y628WN1KtFSmC+JM3b1NcwQXaUIBBcQ==	2026-05-25 15:01:03.198932+00	2026-05-18 15:01:03.19896+00	172.16.25.234	2026-05-18 15:32:00.122711+00	172.16.25.234	57Dk1MRKal7QBJc3FgqJc15aGT5WRWleKALEiXbcadibkgYFOfPYbUXxCw+vtTaMS6VLdl5dYfIpj87MRtqiCw==
29	99	10	57Dk1MRKal7QBJc3FgqJc15aGT5WRWleKALEiXbcadibkgYFOfPYbUXxCw+vtTaMS6VLdl5dYfIpj87MRtqiCw==	2026-05-25 15:32:00.143189+00	2026-05-18 15:32:00.143211+00	172.16.25.234	\N	\N	\N
\.


--
-- TOC entry 3613 (class 0 OID 327924)
-- Dependencies: 223
-- Data for Name: AuthRole; Type: TABLE DATA; Schema: auth; Owner: neondb_owner
--

COPY auth."AuthRole" ("roleID", "roleName", "roleDescription", "isDefault", scope) FROM stdin;
1	admin_he_thong	Quản trị viên hệ thống	f	staff
2	ke_toan_tscd	Kế toán tài sản cố định	f	staff
6	giam_doc	Giám đốc	f	staff
8	truong_phong_ban	Trưởng phòng ban	f	staff
9	nhan_vien	Nhân viên	t	staff
\.


--
-- TOC entry 3617 (class 0 OID 327940)
-- Dependencies: 227
-- Data for Name: AuthRolePermission; Type: TABLE DATA; Schema: auth; Owner: neondb_owner
--

COPY auth."AuthRolePermission" ("rolePermissionID", "roleID", "permissionID") FROM stdin;
10001	1	1
10002	1	2
10003	1	3
10004	1	4
10005	1	5
10006	1	6
10007	1	7
10008	1	8
10009	1	9
10010	1	10
10011	1	11
10012	1	12
10013	1	13
10014	1	14
10015	1	15
10016	1	16
10017	1	17
10018	1	18
10019	1	19
10020	1	20
10021	1	21
10022	1	22
10023	1	23
10024	1	24
10025	1	25
10026	1	26
10027	1	27
10028	1	28
10029	1	29
10030	1	30
10031	1	31
10032	1	32
10033	1	33
10034	1	34
10035	1	35
10036	1	36
10037	1	37
10038	1	38
10039	1	39
10040	1	40
10041	1	41
10042	1	42
10043	1	43
10044	1	44
10045	1	45
10046	1	46
10047	1	47
10048	1	48
10049	1	49
10050	1	50
10051	1	51
10052	1	52
10053	1	53
10054	1	54
10055	1	55
10056	1	56
10057	1	57
10058	1	58
10059	1	59
10060	1	60
10061	1	61
10062	1	62
10063	1	63
10064	1	64
10065	1	65
10066	1	66
10067	1	67
10068	1	68
10069	1	69
10070	1	70
10071	1	71
10072	1	72
10073	1	73
10074	1	74
10075	1	75
10076	1	76
10077	1	77
10078	1	78
10079	1	79
10080	1	80
10081	1	81
10082	1	82
10083	1	83
10084	1	84
10085	1	85
10086	1	86
10087	1	87
10088	1	88
10089	1	89
10090	1	90
10091	1	91
10092	1	92
10093	1	93
10094	1	94
10095	1	95
10096	1	96
10097	1	97
10098	1	98
10099	1	99
10100	1	100
10101	1	101
10102	1	102
10103	1	103
10104	1	104
10105	1	105
10106	1	106
10107	1	107
10108	1	108
10109	1	109
10110	1	110
10111	1	111
10112	1	112
10113	1	113
10114	1	114
10115	1	115
10116	1	116
10117	1	117
10118	1	118
10119	1	119
10120	1	120
10121	1	121
10122	1	122
10123	1	123
10124	1	124
10125	1	125
10126	1	126
10127	1	127
10128	1	128
10129	1	129
10130	1	130
10131	1	131
10132	1	132
10133	1	133
10134	1	134
10135	1	135
20001	2	1
20002	2	2
20003	2	3
20004	2	4
20005	2	5
20006	2	6
20007	2	7
20008	2	8
20009	2	9
20010	2	10
20011	2	11
20016	2	16
20017	2	17
20018	2	18
20019	2	19
20020	2	20
20021	2	21
20022	2	22
20023	2	23
20024	2	24
20025	2	25
20026	2	26
20027	2	27
20028	2	28
20029	2	29
20032	2	32
20033	2	33
20034	2	34
20038	2	38
20039	2	39
20040	2	40
20041	2	41
20042	2	42
20043	2	43
20044	2	44
20045	2	45
20047	2	47
20048	2	48
20049	2	49
20052	2	52
20053	2	53
20054	2	54
20056	2	56
20057	2	57
20058	2	58
20059	2	59
20060	2	60
20061	2	61
20062	2	62
20073	2	73
20074	2	74
20075	2	75
20076	2	76
20080	2	80
20081	2	81
20090	2	90
20091	2	91
20092	2	92
20096	2	96
20097	2	97
20098	2	98
20100	2	100
20101	2	101
20102	2	102
20103	2	103
20104	2	104
20107	2	107
20108	2	108
20109	2	109
20110	2	110
20111	2	111
20112	2	112
20113	2	113
20114	2	114
20116	2	116
20117	2	117
20118	2	118
20119	2	119
20124	2	124
20125	2	125
20126	2	126
20127	2	127
20128	2	128
20134	2	134
20135	2	135
60001	6	1
60002	6	2
60003	6	3
60004	6	4
60005	6	5
60006	6	6
60007	6	7
60008	6	8
60009	6	9
60010	6	10
60011	6	11
60012	6	12
60013	6	13
60014	6	14
60016	6	16
60017	6	17
60018	6	18
60019	6	19
60020	6	20
60021	6	21
60022	6	22
60023	6	23
60024	6	24
60025	6	25
60026	6	26
60027	6	27
60028	6	28
60029	6	29
60032	6	32
60033	6	33
60034	6	34
60036	6	36
60041	6	41
60042	6	42
60043	6	43
60047	6	47
60048	6	48
60052	6	52
60053	6	53
60054	6	54
60059	6	59
60060	6	60
60061	6	61
60073	6	73
60074	6	74
60075	6	75
60076	6	76
60080	6	80
60081	6	81
60090	6	90
60091	6	91
60092	6	92
60096	6	96
60097	6	97
60100	6	100
60101	6	101
60107	6	107
60110	6	110
60111	6	111
60112	6	112
60116	6	116
60117	6	117
60118	6	118
60124	6	124
60125	6	125
60126	6	126
60127	6	127
60128	6	128
60131	6	131
60132	6	132
60133	6	133
60134	6	134
60135	6	135
80001	8	1
80002	8	2
80003	8	3
80004	8	4
80005	8	5
80006	8	6
80007	8	7
80008	8	8
80009	8	9
80010	8	10
80011	8	11
80016	8	16
80017	8	17
80018	8	18
80019	8	19
80020	8	20
80021	8	21
80022	8	22
80023	8	23
80024	8	24
80025	8	25
80026	8	26
80027	8	27
80028	8	28
80029	8	29
80030	8	30
80032	8	32
80033	8	33
80034	8	34
80047	8	47
80048	8	48
80050	8	50
80052	8	52
80053	8	53
80054	8	54
80059	8	59
80060	8	60
80061	8	61
80080	8	80
80081	8	81
80107	8	107
80110	8	110
80111	8	111
80112	8	112
80116	8	116
80117	8	117
80118	8	118
80125	8	125
80126	8	126
80127	8	127
80128	8	128
80134	8	134
80135	8	135
90001	9	1
90002	9	2
90003	9	3
90004	9	4
90005	9	5
90006	9	6
90007	9	7
90008	9	8
90009	9	9
90010	9	10
90011	9	11
90016	9	16
90017	9	17
90018	9	18
90019	9	19
90020	9	20
90021	9	21
90022	9	22
90023	9	23
90024	9	24
90025	9	25
90026	9	26
90027	9	27
90028	9	28
90029	9	29
90030	9	30
90033	9	33
90034	9	34
90047	9	47
90048	9	48
90050	9	50
90053	9	53
90054	9	54
90080	9	80
90081	9	81
90107	9	107
90111	9	111
90112	9	112
90127	9	127
90134	9	134
90135	9	135
\.


--
-- TOC entry 3615 (class 0 OID 327932)
-- Dependencies: 225
-- Data for Name: AuthUser; Type: TABLE DATA; Schema: auth; Owner: neondb_owner
--

COPY auth."AuthUser" ("userID", "userName", email, "phoneNumber", "departmentID", "passwordHash", "googleSub", scope, "isEmailVerified", status, "tokenVersion", "createdAt", "updatedAt") FROM stdin;
1	pham.quoc.hung	pqhung@thtech.vn	0901234001	1	$2a$11$48frMocIZOKO42patU1Uze9dR.44pvg.vd1yxtc3XnUdJMwzcld.e	\N	staff	t	Active	1	2024-01-01 00:00:00+00	2024-01-01 00:00:00+00
2	tran.thanh.tung	tttung@thtech.vn	0901234002	1	$2a$11$48frMocIZOKO42patU1Uze9dR.44pvg.vd1yxtc3XnUdJMwzcld.e	\N	staff	t	Active	1	2024-01-01 00:00:00+00	2024-01-01 00:00:00+00
3	nguyen.minh.chau	nmchau@thtech.vn	0901234003	1	$2a$11$48frMocIZOKO42patU1Uze9dR.44pvg.vd1yxtc3XnUdJMwzcld.e	\N	staff	t	Active	1	2024-01-01 00:00:00+00	2024-01-01 00:00:00+00
4	le.quang.binh	lqbinh@thtech.vn	0901234004	1	$2a$11$48frMocIZOKO42patU1Uze9dR.44pvg.vd1yxtc3XnUdJMwzcld.e	\N	staff	t	Active	1	2024-01-01 00:00:00+00	2024-01-01 00:00:00+00
5	nguyen.thi.huong	nthuong.kt@thtech.vn	0902234001	2	$2a$11$48frMocIZOKO42patU1Uze9dR.44pvg.vd1yxtc3XnUdJMwzcld.e	\N	staff	t	Active	1	2024-01-01 00:00:00+00	2024-01-01 00:00:00+00
6	le.bao.ngoc	lbngoc.kt@thtech.vn	0902234002	2	$2a$11$48frMocIZOKO42patU1Uze9dR.44pvg.vd1yxtc3XnUdJMwzcld.e	\N	staff	t	Active	1	2024-01-01 00:00:00+00	2024-01-01 00:00:00+00
7	tran.van.hai	tvhai.kt@thtech.vn	0902234003	2	$2a$11$48frMocIZOKO42patU1Uze9dR.44pvg.vd1yxtc3XnUdJMwzcld.e	\N	staff	t	Active	1	2024-01-01 00:00:00+00	2024-01-01 00:00:00+00
8	pham.thi.mai	ptmai.kt@thtech.vn	0902234004	2	$2a$11$48frMocIZOKO42patU1Uze9dR.44pvg.vd1yxtc3XnUdJMwzcld.e	\N	staff	t	Active	1	2024-01-01 00:00:00+00	2024-01-01 00:00:00+00
9	vo.xuan.truong	vxtruong.kt@thtech.vn	0902234005	2	$2a$11$48frMocIZOKO42patU1Uze9dR.44pvg.vd1yxtc3XnUdJMwzcld.e	\N	staff	t	Active	1	2024-01-01 00:00:00+00	2024-01-01 00:00:00+00
10	hoang.thu.ha	htha.ns@thtech.vn	0903234001	3	$2a$11$48frMocIZOKO42patU1Uze9dR.44pvg.vd1yxtc3XnUdJMwzcld.e	\N	staff	t	Active	1	2024-01-01 00:00:00+00	2024-01-01 00:00:00+00
11	bui.thi.linh	btlinh.ns@thtech.vn	0903234002	3	$2a$11$48frMocIZOKO42patU1Uze9dR.44pvg.vd1yxtc3XnUdJMwzcld.e	\N	staff	t	Active	1	2024-01-01 00:00:00+00	2024-01-01 00:00:00+00
12	do.van.tai	dvtai.tech@thtech.vn	0904234001	4	$2a$11$48frMocIZOKO42patU1Uze9dR.44pvg.vd1yxtc3XnUdJMwzcld.e	\N	staff	t	Active	1	2024-01-01 00:00:00+00	2024-01-01 00:00:00+00
13	nguyen.cong.minh	ncminh.tech@thtech.vn	0904234002	4	$2a$11$48frMocIZOKO42patU1Uze9dR.44pvg.vd1yxtc3XnUdJMwzcld.e	\N	staff	t	Active	1	2024-01-01 00:00:00+00	2024-01-01 00:00:00+00
14	ha.thi.loan	htloan.tech@thtech.vn	0904234003	4	$2a$11$48frMocIZOKO42patU1Uze9dR.44pvg.vd1yxtc3XnUdJMwzcld.e	\N	staff	t	Active	1	2024-01-01 00:00:00+00	2024-01-01 00:00:00+00
15	ly.minh.quan	lmquan.prod@thtech.vn	0905234001	5	$2a$11$48frMocIZOKO42patU1Uze9dR.44pvg.vd1yxtc3XnUdJMwzcld.e	\N	staff	t	Active	1	2024-01-01 00:00:00+00	2024-01-01 00:00:00+00
16	dinh.thi.bich.ngoc	dtbngoc.prod@thtech.vn	0905234002	5	$2a$11$48frMocIZOKO42patU1Uze9dR.44pvg.vd1yxtc3XnUdJMwzcld.e	\N	staff	t	Active	1	2024-01-01 00:00:00+00	2024-01-01 00:00:00+00
17	phan.huu.phuoc	phphuoc.prod@thtech.vn	0905234003	5	$2a$11$48frMocIZOKO42patU1Uze9dR.44pvg.vd1yxtc3XnUdJMwzcld.e	\N	staff	t	Active	1	2024-01-01 00:00:00+00	2024-01-01 00:00:00+00
18	vu.thi.thuy.dung	vttdung.prod@thtech.vn	0905234004	5	$2a$11$48frMocIZOKO42patU1Uze9dR.44pvg.vd1yxtc3XnUdJMwzcld.e	\N	staff	t	Active	1	2024-01-01 00:00:00+00	2024-01-01 00:00:00+00
19	cao.ngoc.anh	cnanh.prod@thtech.vn	0905234005	5	$2a$11$48frMocIZOKO42patU1Uze9dR.44pvg.vd1yxtc3XnUdJMwzcld.e	\N	staff	t	Active	1	2024-01-01 00:00:00+00	2024-01-01 00:00:00+00
20	dang.huu.thanh	dhthanh.dev@thtech.vn	0906234001	6	$2a$11$48frMocIZOKO42patU1Uze9dR.44pvg.vd1yxtc3XnUdJMwzcld.e	\N	staff	t	Active	1	2024-01-01 00:00:00+00	2024-01-01 00:00:00+00
21	nguyen.van.dung	nvdung.dev@thtech.vn	0906234002	6	$2a$11$48frMocIZOKO42patU1Uze9dR.44pvg.vd1yxtc3XnUdJMwzcld.e	\N	staff	t	Active	1	2024-01-01 00:00:00+00	2024-01-01 00:00:00+00
22	tran.thi.kim.oanh	ttkoanh.dev@thtech.vn	0906234003	6	$2a$11$48frMocIZOKO42patU1Uze9dR.44pvg.vd1yxtc3XnUdJMwzcld.e	\N	staff	t	Active	1	2024-01-01 00:00:00+00	2024-01-01 00:00:00+00
23	le.hoang.nam	lhnam.dev@thtech.vn	0906234004	6	$2a$11$48frMocIZOKO42patU1Uze9dR.44pvg.vd1yxtc3XnUdJMwzcld.e	\N	staff	t	Active	1	2024-01-01 00:00:00+00	2024-01-01 00:00:00+00
24	pham.tuan.anh	ptanh.dev@thtech.vn	0906234005	6	$2a$11$48frMocIZOKO42patU1Uze9dR.44pvg.vd1yxtc3XnUdJMwzcld.e	\N	staff	t	Active	1	2024-01-01 00:00:00+00	2024-01-01 00:00:00+00
25	vu.duc.manh	vdmanh.dev@thtech.vn	0906234006	6	$2a$11$48frMocIZOKO42patU1Uze9dR.44pvg.vd1yxtc3XnUdJMwzcld.e	\N	staff	t	Active	1	2024-01-01 00:00:00+00	2024-01-01 00:00:00+00
26	hoang.thi.hong	hthong.dev@thtech.vn	0906234007	6	$2a$11$48frMocIZOKO42patU1Uze9dR.44pvg.vd1yxtc3XnUdJMwzcld.e	\N	staff	t	Active	1	2024-01-01 00:00:00+00	2024-01-01 00:00:00+00
27	bui.thanh.phong	btphong.dev@thtech.vn	0906234008	6	$2a$11$48frMocIZOKO42patU1Uze9dR.44pvg.vd1yxtc3XnUdJMwzcld.e	\N	staff	t	Active	1	2024-01-01 00:00:00+00	2024-01-01 00:00:00+00
28	do.thanh.dat	dtdat.dev@thtech.vn	0906234009	6	$2a$11$48frMocIZOKO42patU1Uze9dR.44pvg.vd1yxtc3XnUdJMwzcld.e	\N	staff	t	Active	1	2024-01-01 00:00:00+00	2024-01-01 00:00:00+00
29	luu.thi.bao.chau	ltbchau.dev@thtech.vn	0906234010	6	$2a$11$48frMocIZOKO42patU1Uze9dR.44pvg.vd1yxtc3XnUdJMwzcld.e	\N	staff	t	Active	1	2024-01-01 00:00:00+00	2024-01-01 00:00:00+00
30	vu.thanh.long	vtlong.pmo@thtech.vn	0907234001	7	$2a$11$48frMocIZOKO42patU1Uze9dR.44pvg.vd1yxtc3XnUdJMwzcld.e	\N	staff	t	Active	1	2024-01-01 00:00:00+00	2024-01-01 00:00:00+00
31	nguyen.ba.kien	nbkien.pmo@thtech.vn	0907234002	7	$2a$11$48frMocIZOKO42patU1Uze9dR.44pvg.vd1yxtc3XnUdJMwzcld.e	\N	staff	t	Active	1	2024-01-01 00:00:00+00	2024-01-01 00:00:00+00
32	tran.thi.phuong	ttphuong.pmo@thtech.vn	0907234003	7	$2a$11$48frMocIZOKO42patU1Uze9dR.44pvg.vd1yxtc3XnUdJMwzcld.e	\N	staff	t	Active	1	2024-01-01 00:00:00+00	2024-01-01 00:00:00+00
33	phan.ngoc.yen	pnyen.design@thtech.vn	0908234001	8	$2a$11$48frMocIZOKO42patU1Uze9dR.44pvg.vd1yxtc3XnUdJMwzcld.e	\N	staff	t	Active	1	2024-01-01 00:00:00+00	2024-01-01 00:00:00+00
34	cao.thi.bich	ctbich.design@thtech.vn	0908234002	8	$2a$11$48frMocIZOKO42patU1Uze9dR.44pvg.vd1yxtc3XnUdJMwzcld.e	\N	staff	t	Active	1	2024-01-01 00:00:00+00	2024-01-01 00:00:00+00
35	truong.van.khai	tvkhai.design@thtech.vn	0908234003	8	$2a$11$48frMocIZOKO42patU1Uze9dR.44pvg.vd1yxtc3XnUdJMwzcld.e	\N	staff	t	Active	1	2024-01-01 00:00:00+00	2024-01-01 00:00:00+00
99	admin	admin@thtech.vn	0999999999	4	$2a$11$48frMocIZOKO42patU1Uze9dR.44pvg.vd1yxtc3XnUdJMwzcld.e	\N	staff	t	Active	1	2024-01-01 00:00:00+00	2024-01-01 00:00:00+00
\.


--
-- TOC entry 3628 (class 0 OID 328020)
-- Dependencies: 238
-- Data for Name: AuthUserRole; Type: TABLE DATA; Schema: auth; Owner: neondb_owner
--

COPY auth."AuthUserRole" ("userID", "roleID", "assignedAt") FROM stdin;
4	9	2024-01-01 00:00:00+00
5	2	2024-01-01 00:00:00+00
5	8	2024-01-01 00:00:00+00
6	2	2024-01-01 00:00:00+00
7	9	2024-01-01 00:00:00+00
8	9	2024-01-01 00:00:00+00
9	9	2024-01-01 00:00:00+00
10	8	2024-01-01 00:00:00+00
15	8	2024-01-01 00:00:00+00
16	9	2024-01-01 00:00:00+00
17	9	2024-01-01 00:00:00+00
18	9	2024-01-01 00:00:00+00
19	9	2024-01-01 00:00:00+00
20	8	2024-01-01 00:00:00+00
21	9	2024-01-01 00:00:00+00
22	9	2024-01-01 00:00:00+00
23	9	2024-01-01 00:00:00+00
24	9	2024-01-01 00:00:00+00
25	9	2024-01-01 00:00:00+00
26	9	2024-01-01 00:00:00+00
27	9	2024-01-01 00:00:00+00
28	9	2024-01-01 00:00:00+00
29	9	2024-01-01 00:00:00+00
30	8	2024-01-01 00:00:00+00
31	9	2024-01-01 00:00:00+00
32	9	2024-01-01 00:00:00+00
33	8	2024-01-01 00:00:00+00
34	9	2024-01-01 00:00:00+00
35	9	2024-01-01 00:00:00+00
99	1	2024-01-01 00:00:00+00
1	2	2026-05-16 07:44:21.111446+00
2	9	2026-05-16 09:53:53.875997+00
3	9	2026-05-16 09:53:58.594748+00
11	9	2026-05-16 10:10:55.332304+00
12	9	2026-05-16 10:11:01.46221+00
13	9	2026-05-16 10:11:07.366852+00
14	9	2026-05-16 10:11:11.997096+00
\.


--
-- TOC entry 3630 (class 0 OID 328036)
-- Dependencies: 240
-- Data for Name: AuthUserSession; Type: TABLE DATA; Schema: auth; Owner: neondb_owner
--

COPY auth."AuthUserSession" ("sessionID", "userID", "deviceId", ip, "userAgent", "createdAt", "lastSeenAt", "isRevoked") FROM stdin;
1	99	a2c70c91ffac4f46af0f05a36d398561	172.16.25.234	Mozilla/5.0 (Windows NT 10.0; Win64; x64) AppleWebKit/537.36 (KHTML, like Gecko) Chrome/148.0.0.0 Safari/537.36	2026-05-12 18:02:32.985831+00	2026-05-12 18:02:32.985849+00	f
2	6	9376d82a8c1b4729968b64ea5fd7e761	172.16.25.234	Mozilla/5.0 (Windows NT 10.0; Win64; x64) AppleWebKit/537.36 (KHTML, like Gecko) Chrome/148.0.0.0 Safari/537.36	2026-05-12 18:03:11.730617+00	2026-05-12 18:03:11.730617+00	f
3	99	f51d367346934a7da8d0aac3fc823f0f	172.16.25.234	Mozilla/5.0 (Macintosh; Intel Mac OS X 10_15_7) AppleWebKit/537.36 (KHTML, like Gecko) Chrome/148.0.0.0 Safari/537.36	2026-05-13 01:38:34.1866+00	2026-05-13 01:38:34.186617+00	f
4	99	2fced117eaa54d878886b1768aef20a9	172.16.25.234	Mozilla/5.0 (Macintosh; Intel Mac OS X 10_15_7) AppleWebKit/537.36 (KHTML, like Gecko) Chrome/148.0.0.0 Safari/537.36	2026-05-16 07:08:04.988301+00	2026-05-16 07:08:04.988318+00	f
5	99	66172cf84fab41cea7b6f64747bc38e8	172.16.25.234	Mozilla/5.0 (Macintosh; Intel Mac OS X 10_15_7) AppleWebKit/537.36 (KHTML, like Gecko) Chrome/148.0.0.0 Safari/537.36	2026-05-16 07:20:12.308427+00	2026-05-16 07:20:12.308456+00	f
6	99	25c4aec13e3d4bbf87c4ac06f067d712	172.16.25.234	Mozilla/5.0 (Windows NT 10.0; Win64; x64) AppleWebKit/537.36 (KHTML, like Gecko) Chrome/148.0.0.0 Safari/537.36	2026-05-16 07:57:43.977913+00	2026-05-16 07:57:43.97793+00	f
7	5	59776f8e9d8643418bcf8492d46c4089	172.16.25.234	Mozilla/5.0 (Windows NT 10.0; Win64; x64) AppleWebKit/537.36 (KHTML, like Gecko) Chrome/148.0.0.0 Safari/537.36	2026-05-16 09:33:25.638+00	2026-05-16 09:33:25.63802+00	f
8	6	31caf240fbb34932b0bb825a0966aa9d	172.16.25.234	Mozilla/5.0 (Windows NT 10.0; Win64; x64) AppleWebKit/537.36 (KHTML, like Gecko) Chrome/148.0.0.0 Safari/537.36	2026-05-16 09:34:52.411886+00	2026-05-16 09:34:52.411886+00	f
9	99	209002e7b9ef4112bed4f13c45dde5bd	172.16.11.162	Mozilla/5.0 (Windows NT 10.0; Win64; x64) AppleWebKit/537.36 (KHTML, like Gecko) Chrome/148.0.0.0 Safari/537.36	2026-05-16 09:49:26.455348+00	2026-05-16 09:49:26.45536+00	f
10	99	a2ac56c92a014d04a1f23a9e83fe68b5	172.16.25.234	Mozilla/5.0 (Windows NT 10.0; Win64; x64) AppleWebKit/537.36 (KHTML, like Gecko) Chrome/148.0.0.0 Safari/537.36	2026-05-18 13:56:51.219817+00	2026-05-18 13:56:51.219834+00	f
\.


--
-- TOC entry 3609 (class 0 OID 327910)
-- Dependencies: 219
-- Data for Name: __EFMigrationsHistory; Type: TABLE DATA; Schema: auth; Owner: neondb_owner
--

COPY auth."__EFMigrationsHistory" ("MigrationId", "ProductVersion") FROM stdin;
20260509082514_AuthV1	8.0.11
\.


--
-- TOC entry 3665 (class 0 OID 0)
-- Dependencies: 258
-- Name: bao_tri_tai_san_Id_seq; Type: SEQUENCE SET; Schema: asset; Owner: neondb_owner
--

SELECT pg_catalog.setval('asset."bao_tri_tai_san_Id_seq"', 1, false);


--
-- TOC entry 3666 (class 0 OID 0)
-- Dependencies: 244
-- Name: cau_hinh_he_thong_Id_seq; Type: SEQUENCE SET; Schema: asset; Owner: neondb_owner
--

SELECT pg_catalog.setval('asset."cau_hinh_he_thong_Id_seq"', 2, false);


--
-- TOC entry 3667 (class 0 OID 0)
-- Dependencies: 260
-- Name: chi_tiet_chung_tu_Id_seq; Type: SEQUENCE SET; Schema: asset; Owner: neondb_owner
--

SELECT pg_catalog.setval('asset."chi_tiet_chung_tu_Id_seq"', 45, false);


--
-- TOC entry 3668 (class 0 OID 0)
-- Dependencies: 246
-- Name: chung_tu_Id_seq; Type: SEQUENCE SET; Schema: asset; Owner: neondb_owner
--

SELECT pg_catalog.setval('asset."chung_tu_Id_seq"', 45, false);


--
-- TOC entry 3669 (class 0 OID 0)
-- Dependencies: 254
-- Name: danh_muc_tai_san_Id_seq; Type: SEQUENCE SET; Schema: asset; Owner: neondb_owner
--

SELECT pg_catalog.setval('asset."danh_muc_tai_san_Id_seq"', 5, false);


--
-- TOC entry 3670 (class 0 OID 0)
-- Dependencies: 262
-- Name: dieu_chuyen_tai_san_Id_seq; Type: SEQUENCE SET; Schema: asset; Owner: neondb_owner
--

SELECT pg_catalog.setval('asset."dieu_chuyen_tai_san_Id_seq"', 45, false);


--
-- TOC entry 3671 (class 0 OID 0)
-- Dependencies: 264
-- Name: lich_su_khau_hao_Id_seq; Type: SEQUENCE SET; Schema: asset; Owner: neondb_owner
--

SELECT pg_catalog.setval('asset."lich_su_khau_hao_Id_seq"', 1, false);


--
-- TOC entry 3672 (class 0 OID 0)
-- Dependencies: 248
-- Name: lo_tai_san_Id_seq; Type: SEQUENCE SET; Schema: asset; Owner: neondb_owner
--

SELECT pg_catalog.setval('asset."lo_tai_san_Id_seq"', 1, false);


--
-- TOC entry 3673 (class 0 OID 0)
-- Dependencies: 250
-- Name: phong_ban_Id_seq; Type: SEQUENCE SET; Schema: asset; Owner: neondb_owner
--

SELECT pg_catalog.setval('asset."phong_ban_Id_seq"', 9, false);


--
-- TOC entry 3674 (class 0 OID 0)
-- Dependencies: 252
-- Name: tai_khoan_ke_toan_Id_seq; Type: SEQUENCE SET; Schema: asset; Owner: neondb_owner
--

SELECT pg_catalog.setval('asset."tai_khoan_ke_toan_Id_seq"', 21, false);


--
-- TOC entry 3675 (class 0 OID 0)
-- Dependencies: 256
-- Name: tai_san_Id_seq; Type: SEQUENCE SET; Schema: asset; Owner: neondb_owner
--

SELECT pg_catalog.setval('asset."tai_san_Id_seq"', 45, false);


--
-- TOC entry 3676 (class 0 OID 0)
-- Dependencies: 266
-- Name: tai_san_dinh_kem_Id_seq; Type: SEQUENCE SET; Schema: asset; Owner: neondb_owner
--

SELECT pg_catalog.setval('asset."tai_san_dinh_kem_Id_seq"', 1, false);


--
-- TOC entry 3677 (class 0 OID 0)
-- Dependencies: 268
-- Name: thanh_ly_tai_san_Id_seq; Type: SEQUENCE SET; Schema: asset; Owner: neondb_owner
--

SELECT pg_catalog.setval('asset."thanh_ly_tai_san_Id_seq"', 1, false);


--
-- TOC entry 3678 (class 0 OID 0)
-- Dependencies: 228
-- Name: AuthAuditLog_auditID_seq; Type: SEQUENCE SET; Schema: auth; Owner: neondb_owner
--

SELECT pg_catalog.setval('auth."AuthAuditLog_auditID_seq"', 10, true);


--
-- TOC entry 3679 (class 0 OID 0)
-- Dependencies: 230
-- Name: AuthEmailVerification_emailVerificationID_seq; Type: SEQUENCE SET; Schema: auth; Owner: neondb_owner
--

SELECT pg_catalog.setval('auth."AuthEmailVerification_emailVerificationID_seq"', 1, false);


--
-- TOC entry 3680 (class 0 OID 0)
-- Dependencies: 232
-- Name: AuthMfaSecret_mfaID_seq; Type: SEQUENCE SET; Schema: auth; Owner: neondb_owner
--

SELECT pg_catalog.setval('auth."AuthMfaSecret_mfaID_seq"', 1, false);


--
-- TOC entry 3681 (class 0 OID 0)
-- Dependencies: 234
-- Name: AuthPasswordReset_passwordResetID_seq; Type: SEQUENCE SET; Schema: auth; Owner: neondb_owner
--

SELECT pg_catalog.setval('auth."AuthPasswordReset_passwordResetID_seq"', 1, false);


--
-- TOC entry 3682 (class 0 OID 0)
-- Dependencies: 220
-- Name: AuthPermission_permissionID_seq; Type: SEQUENCE SET; Schema: auth; Owner: neondb_owner
--

SELECT pg_catalog.setval('auth."AuthPermission_permissionID_seq"', 136, false);


--
-- TOC entry 3683 (class 0 OID 0)
-- Dependencies: 236
-- Name: AuthProfile_profileID_seq; Type: SEQUENCE SET; Schema: auth; Owner: neondb_owner
--

SELECT pg_catalog.setval('auth."AuthProfile_profileID_seq"', 100, true);


--
-- TOC entry 3684 (class 0 OID 0)
-- Dependencies: 241
-- Name: AuthRefreshToken_refreshTokenID_seq; Type: SEQUENCE SET; Schema: auth; Owner: neondb_owner
--

SELECT pg_catalog.setval('auth."AuthRefreshToken_refreshTokenID_seq"', 29, true);


--
-- TOC entry 3685 (class 0 OID 0)
-- Dependencies: 226
-- Name: AuthRolePermission_rolePermissionID_seq; Type: SEQUENCE SET; Schema: auth; Owner: neondb_owner
--

SELECT pg_catalog.setval('auth."AuthRolePermission_rolePermissionID_seq"', 100136, false);


--
-- TOC entry 3686 (class 0 OID 0)
-- Dependencies: 222
-- Name: AuthRole_roleID_seq; Type: SEQUENCE SET; Schema: auth; Owner: neondb_owner
--

SELECT pg_catalog.setval('auth."AuthRole_roleID_seq"', 11, false);


--
-- TOC entry 3687 (class 0 OID 0)
-- Dependencies: 239
-- Name: AuthUserSession_sessionID_seq; Type: SEQUENCE SET; Schema: auth; Owner: neondb_owner
--

SELECT pg_catalog.setval('auth."AuthUserSession_sessionID_seq"', 10, true);


--
-- TOC entry 3688 (class 0 OID 0)
-- Dependencies: 224
-- Name: AuthUser_userID_seq; Type: SEQUENCE SET; Schema: auth; Owner: neondb_owner
--

SELECT pg_catalog.setval('auth."AuthUser_userID_seq"', 100, true);


--
-- TOC entry 3394 (class 2606 OID 442416)
-- Name: tai_khoan_ke_toan AK_tai_khoan_ke_toan_MaTaiKhoan; Type: CONSTRAINT; Schema: asset; Owner: neondb_owner
--

ALTER TABLE ONLY asset.tai_khoan_ke_toan
    ADD CONSTRAINT "AK_tai_khoan_ke_toan_MaTaiKhoan" UNIQUE ("MaTaiKhoan");


--
-- TOC entry 3381 (class 2606 OID 442374)
-- Name: __EFMigrationsHistory PK___EFMigrationsHistory; Type: CONSTRAINT; Schema: asset; Owner: neondb_owner
--

ALTER TABLE ONLY asset."__EFMigrationsHistory"
    ADD CONSTRAINT "PK___EFMigrationsHistory" PRIMARY KEY ("MigrationId");


--
-- TOC entry 3412 (class 2606 OID 442470)
-- Name: bao_tri_tai_san PK_bao_tri_tai_san; Type: CONSTRAINT; Schema: asset; Owner: neondb_owner
--

ALTER TABLE ONLY asset.bao_tri_tai_san
    ADD CONSTRAINT "PK_bao_tri_tai_san" PRIMARY KEY ("Id");


--
-- TOC entry 3383 (class 2606 OID 442382)
-- Name: cau_hinh_he_thong PK_cau_hinh_he_thong; Type: CONSTRAINT; Schema: asset; Owner: neondb_owner
--

ALTER TABLE ONLY asset.cau_hinh_he_thong
    ADD CONSTRAINT "PK_cau_hinh_he_thong" PRIMARY KEY ("Id");


--
-- TOC entry 3418 (class 2606 OID 442483)
-- Name: chi_tiet_chung_tu PK_chi_tiet_chung_tu; Type: CONSTRAINT; Schema: asset; Owner: neondb_owner
--

ALTER TABLE ONLY asset.chi_tiet_chung_tu
    ADD CONSTRAINT "PK_chi_tiet_chung_tu" PRIMARY KEY ("Id");


--
-- TOC entry 3386 (class 2606 OID 442390)
-- Name: chung_tu PK_chung_tu; Type: CONSTRAINT; Schema: asset; Owner: neondb_owner
--

ALTER TABLE ONLY asset.chung_tu
    ADD CONSTRAINT "PK_chung_tu" PRIMARY KEY ("Id");


--
-- TOC entry 3402 (class 2606 OID 442429)
-- Name: danh_muc_tai_san PK_danh_muc_tai_san; Type: CONSTRAINT; Schema: asset; Owner: neondb_owner
--

ALTER TABLE ONLY asset.danh_muc_tai_san
    ADD CONSTRAINT "PK_danh_muc_tai_san" PRIMARY KEY ("Id");


--
-- TOC entry 3423 (class 2606 OID 442511)
-- Name: dieu_chuyen_tai_san PK_dieu_chuyen_tai_san; Type: CONSTRAINT; Schema: asset; Owner: neondb_owner
--

ALTER TABLE ONLY asset.dieu_chuyen_tai_san
    ADD CONSTRAINT "PK_dieu_chuyen_tai_san" PRIMARY KEY ("Id");


--
-- TOC entry 3427 (class 2606 OID 442534)
-- Name: lich_su_khau_hao PK_lich_su_khau_hao; Type: CONSTRAINT; Schema: asset; Owner: neondb_owner
--

ALTER TABLE ONLY asset.lich_su_khau_hao
    ADD CONSTRAINT "PK_lich_su_khau_hao" PRIMARY KEY ("Id");


--
-- TOC entry 3389 (class 2606 OID 442398)
-- Name: lo_tai_san PK_lo_tai_san; Type: CONSTRAINT; Schema: asset; Owner: neondb_owner
--

ALTER TABLE ONLY asset.lo_tai_san
    ADD CONSTRAINT "PK_lo_tai_san" PRIMARY KEY ("Id");


--
-- TOC entry 3392 (class 2606 OID 442406)
-- Name: phong_ban PK_phong_ban; Type: CONSTRAINT; Schema: asset; Owner: neondb_owner
--

ALTER TABLE ONLY asset.phong_ban
    ADD CONSTRAINT "PK_phong_ban" PRIMARY KEY ("Id");


--
-- TOC entry 3398 (class 2606 OID 442414)
-- Name: tai_khoan_ke_toan PK_tai_khoan_ke_toan; Type: CONSTRAINT; Schema: asset; Owner: neondb_owner
--

ALTER TABLE ONLY asset.tai_khoan_ke_toan
    ADD CONSTRAINT "PK_tai_khoan_ke_toan" PRIMARY KEY ("Id");


--
-- TOC entry 3409 (class 2606 OID 442442)
-- Name: tai_san PK_tai_san; Type: CONSTRAINT; Schema: asset; Owner: neondb_owner
--

ALTER TABLE ONLY asset.tai_san
    ADD CONSTRAINT "PK_tai_san" PRIMARY KEY ("Id");


--
-- TOC entry 3430 (class 2606 OID 442552)
-- Name: tai_san_dinh_kem PK_tai_san_dinh_kem; Type: CONSTRAINT; Schema: asset; Owner: neondb_owner
--

ALTER TABLE ONLY asset.tai_san_dinh_kem
    ADD CONSTRAINT "PK_tai_san_dinh_kem" PRIMARY KEY ("Id");


--
-- TOC entry 3433 (class 2606 OID 442565)
-- Name: thanh_ly_tai_san PK_thanh_ly_tai_san; Type: CONSTRAINT; Schema: asset; Owner: neondb_owner
--

ALTER TABLE ONLY asset.thanh_ly_tai_san
    ADD CONSTRAINT "PK_thanh_ly_tai_san" PRIMARY KEY ("Id");


--
-- TOC entry 3356 (class 2606 OID 327962)
-- Name: AuthAuditLog PK_AuthAuditLog; Type: CONSTRAINT; Schema: auth; Owner: neondb_owner
--

ALTER TABLE ONLY auth."AuthAuditLog"
    ADD CONSTRAINT "PK_AuthAuditLog" PRIMARY KEY ("auditID");


--
-- TOC entry 3359 (class 2606 OID 327975)
-- Name: AuthEmailVerification PK_AuthEmailVerification; Type: CONSTRAINT; Schema: auth; Owner: neondb_owner
--

ALTER TABLE ONLY auth."AuthEmailVerification"
    ADD CONSTRAINT "PK_AuthEmailVerification" PRIMARY KEY ("emailVerificationID");


--
-- TOC entry 3363 (class 2606 OID 327988)
-- Name: AuthMfaSecret PK_AuthMfaSecret; Type: CONSTRAINT; Schema: auth; Owner: neondb_owner
--

ALTER TABLE ONLY auth."AuthMfaSecret"
    ADD CONSTRAINT "PK_AuthMfaSecret" PRIMARY KEY ("mfaID");


--
-- TOC entry 3366 (class 2606 OID 328001)
-- Name: AuthPasswordReset PK_AuthPasswordReset; Type: CONSTRAINT; Schema: auth; Owner: neondb_owner
--

ALTER TABLE ONLY auth."AuthPasswordReset"
    ADD CONSTRAINT "PK_AuthPasswordReset" PRIMARY KEY ("passwordResetID");


--
-- TOC entry 3342 (class 2606 OID 327922)
-- Name: AuthPermission PK_AuthPermission; Type: CONSTRAINT; Schema: auth; Owner: neondb_owner
--

ALTER TABLE ONLY auth."AuthPermission"
    ADD CONSTRAINT "PK_AuthPermission" PRIMARY KEY ("permissionID");


--
-- TOC entry 3369 (class 2606 OID 328014)
-- Name: AuthProfile PK_AuthProfile; Type: CONSTRAINT; Schema: auth; Owner: neondb_owner
--

ALTER TABLE ONLY auth."AuthProfile"
    ADD CONSTRAINT "PK_AuthProfile" PRIMARY KEY ("profileID");


--
-- TOC entry 3379 (class 2606 OID 328055)
-- Name: AuthRefreshToken PK_AuthRefreshToken; Type: CONSTRAINT; Schema: auth; Owner: neondb_owner
--

ALTER TABLE ONLY auth."AuthRefreshToken"
    ADD CONSTRAINT "PK_AuthRefreshToken" PRIMARY KEY ("refreshTokenID");


--
-- TOC entry 3345 (class 2606 OID 327930)
-- Name: AuthRole PK_AuthRole; Type: CONSTRAINT; Schema: auth; Owner: neondb_owner
--

ALTER TABLE ONLY auth."AuthRole"
    ADD CONSTRAINT "PK_AuthRole" PRIMARY KEY ("roleID");


--
-- TOC entry 3353 (class 2606 OID 327944)
-- Name: AuthRolePermission PK_AuthRolePermission; Type: CONSTRAINT; Schema: auth; Owner: neondb_owner
--

ALTER TABLE ONLY auth."AuthRolePermission"
    ADD CONSTRAINT "PK_AuthRolePermission" PRIMARY KEY ("rolePermissionID");


--
-- TOC entry 3349 (class 2606 OID 327938)
-- Name: AuthUser PK_AuthUser; Type: CONSTRAINT; Schema: auth; Owner: neondb_owner
--

ALTER TABLE ONLY auth."AuthUser"
    ADD CONSTRAINT "PK_AuthUser" PRIMARY KEY ("userID");


--
-- TOC entry 3372 (class 2606 OID 328024)
-- Name: AuthUserRole PK_AuthUserRole; Type: CONSTRAINT; Schema: auth; Owner: neondb_owner
--

ALTER TABLE ONLY auth."AuthUserRole"
    ADD CONSTRAINT "PK_AuthUserRole" PRIMARY KEY ("userID", "roleID");


--
-- TOC entry 3375 (class 2606 OID 328042)
-- Name: AuthUserSession PK_AuthUserSession; Type: CONSTRAINT; Schema: auth; Owner: neondb_owner
--

ALTER TABLE ONLY auth."AuthUserSession"
    ADD CONSTRAINT "PK_AuthUserSession" PRIMARY KEY ("sessionID");


--
-- TOC entry 3340 (class 2606 OID 327914)
-- Name: __EFMigrationsHistory PK___EFMigrationsHistory; Type: CONSTRAINT; Schema: auth; Owner: neondb_owner
--

ALTER TABLE ONLY auth."__EFMigrationsHistory"
    ADD CONSTRAINT "PK___EFMigrationsHistory" PRIMARY KEY ("MigrationId");


--
-- TOC entry 3410 (class 1259 OID 442571)
-- Name: IX_bao_tri_tai_san_TaiSanId; Type: INDEX; Schema: asset; Owner: neondb_owner
--

CREATE INDEX "IX_bao_tri_tai_san_TaiSanId" ON asset.bao_tri_tai_san USING btree ("TaiSanId");


--
-- TOC entry 3413 (class 1259 OID 442572)
-- Name: IX_chi_tiet_chung_tu_ChungTuId; Type: INDEX; Schema: asset; Owner: neondb_owner
--

CREATE INDEX "IX_chi_tiet_chung_tu_ChungTuId" ON asset.chi_tiet_chung_tu USING btree ("ChungTuId");


--
-- TOC entry 3414 (class 1259 OID 442573)
-- Name: IX_chi_tiet_chung_tu_TaiKhoanCo; Type: INDEX; Schema: asset; Owner: neondb_owner
--

CREATE INDEX "IX_chi_tiet_chung_tu_TaiKhoanCo" ON asset.chi_tiet_chung_tu USING btree ("TaiKhoanCo");


--
-- TOC entry 3415 (class 1259 OID 442574)
-- Name: IX_chi_tiet_chung_tu_TaiKhoanNo; Type: INDEX; Schema: asset; Owner: neondb_owner
--

CREATE INDEX "IX_chi_tiet_chung_tu_TaiKhoanNo" ON asset.chi_tiet_chung_tu USING btree ("TaiKhoanNo");


--
-- TOC entry 3416 (class 1259 OID 442575)
-- Name: IX_chi_tiet_chung_tu_TaiSanId; Type: INDEX; Schema: asset; Owner: neondb_owner
--

CREATE INDEX "IX_chi_tiet_chung_tu_TaiSanId" ON asset.chi_tiet_chung_tu USING btree ("TaiSanId");


--
-- TOC entry 3384 (class 1259 OID 442576)
-- Name: IX_chung_tu_MaChungTu; Type: INDEX; Schema: asset; Owner: neondb_owner
--

CREATE UNIQUE INDEX "IX_chung_tu_MaChungTu" ON asset.chung_tu USING btree ("MaChungTu");


--
-- TOC entry 3399 (class 1259 OID 442577)
-- Name: IX_danh_muc_tai_san_MaDanhMuc; Type: INDEX; Schema: asset; Owner: neondb_owner
--

CREATE UNIQUE INDEX "IX_danh_muc_tai_san_MaDanhMuc" ON asset.danh_muc_tai_san USING btree ("MaDanhMuc");


--
-- TOC entry 3400 (class 1259 OID 442578)
-- Name: IX_danh_muc_tai_san_MaTaiKhoan; Type: INDEX; Schema: asset; Owner: neondb_owner
--

CREATE INDEX "IX_danh_muc_tai_san_MaTaiKhoan" ON asset.danh_muc_tai_san USING btree ("MaTaiKhoan");


--
-- TOC entry 3419 (class 1259 OID 442579)
-- Name: IX_dieu_chuyen_tai_san_DenPhongBanId; Type: INDEX; Schema: asset; Owner: neondb_owner
--

CREATE INDEX "IX_dieu_chuyen_tai_san_DenPhongBanId" ON asset.dieu_chuyen_tai_san USING btree ("DenPhongBanId");


--
-- TOC entry 3420 (class 1259 OID 442580)
-- Name: IX_dieu_chuyen_tai_san_TaiSanId; Type: INDEX; Schema: asset; Owner: neondb_owner
--

CREATE INDEX "IX_dieu_chuyen_tai_san_TaiSanId" ON asset.dieu_chuyen_tai_san USING btree ("TaiSanId");


--
-- TOC entry 3421 (class 1259 OID 442581)
-- Name: IX_dieu_chuyen_tai_san_TuPhongBanId; Type: INDEX; Schema: asset; Owner: neondb_owner
--

CREATE INDEX "IX_dieu_chuyen_tai_san_TuPhongBanId" ON asset.dieu_chuyen_tai_san USING btree ("TuPhongBanId");


--
-- TOC entry 3424 (class 1259 OID 442582)
-- Name: IX_lich_su_khau_hao_ChungTuId; Type: INDEX; Schema: asset; Owner: neondb_owner
--

CREATE INDEX "IX_lich_su_khau_hao_ChungTuId" ON asset.lich_su_khau_hao USING btree ("ChungTuId");


--
-- TOC entry 3425 (class 1259 OID 442583)
-- Name: IX_lich_su_khau_hao_TaiSanId; Type: INDEX; Schema: asset; Owner: neondb_owner
--

CREATE INDEX "IX_lich_su_khau_hao_TaiSanId" ON asset.lich_su_khau_hao USING btree ("TaiSanId");


--
-- TOC entry 3387 (class 1259 OID 442584)
-- Name: IX_lo_tai_san_MaLo; Type: INDEX; Schema: asset; Owner: neondb_owner
--

CREATE UNIQUE INDEX "IX_lo_tai_san_MaLo" ON asset.lo_tai_san USING btree ("MaLo");


--
-- TOC entry 3390 (class 1259 OID 442585)
-- Name: IX_phong_ban_MaPhongBan; Type: INDEX; Schema: asset; Owner: neondb_owner
--

CREATE UNIQUE INDEX "IX_phong_ban_MaPhongBan" ON asset.phong_ban USING btree ("MaPhongBan");


--
-- TOC entry 3395 (class 1259 OID 442586)
-- Name: IX_tai_khoan_ke_toan_MaTaiKhoan; Type: INDEX; Schema: asset; Owner: neondb_owner
--

CREATE UNIQUE INDEX "IX_tai_khoan_ke_toan_MaTaiKhoan" ON asset.tai_khoan_ke_toan USING btree ("MaTaiKhoan");


--
-- TOC entry 3396 (class 1259 OID 442587)
-- Name: IX_tai_khoan_ke_toan_MaTaiKhoanCha; Type: INDEX; Schema: asset; Owner: neondb_owner
--

CREATE INDEX "IX_tai_khoan_ke_toan_MaTaiKhoanCha" ON asset.tai_khoan_ke_toan USING btree ("MaTaiKhoanCha");


--
-- TOC entry 3403 (class 1259 OID 442588)
-- Name: IX_tai_san_DanhMucId; Type: INDEX; Schema: asset; Owner: neondb_owner
--

CREATE INDEX "IX_tai_san_DanhMucId" ON asset.tai_san USING btree ("DanhMucId");


--
-- TOC entry 3404 (class 1259 OID 442589)
-- Name: IX_tai_san_LoId; Type: INDEX; Schema: asset; Owner: neondb_owner
--

CREATE INDEX "IX_tai_san_LoId" ON asset.tai_san USING btree ("LoId");


--
-- TOC entry 3405 (class 1259 OID 442590)
-- Name: IX_tai_san_MaTaiKhoan; Type: INDEX; Schema: asset; Owner: neondb_owner
--

CREATE INDEX "IX_tai_san_MaTaiKhoan" ON asset.tai_san USING btree ("MaTaiKhoan");


--
-- TOC entry 3406 (class 1259 OID 442591)
-- Name: IX_tai_san_MaTaiSan; Type: INDEX; Schema: asset; Owner: neondb_owner
--

CREATE UNIQUE INDEX "IX_tai_san_MaTaiSan" ON asset.tai_san USING btree ("MaTaiSan");


--
-- TOC entry 3407 (class 1259 OID 442592)
-- Name: IX_tai_san_PhongBanId; Type: INDEX; Schema: asset; Owner: neondb_owner
--

CREATE INDEX "IX_tai_san_PhongBanId" ON asset.tai_san USING btree ("PhongBanId");


--
-- TOC entry 3428 (class 1259 OID 442593)
-- Name: IX_tai_san_dinh_kem_TaiSanId; Type: INDEX; Schema: asset; Owner: neondb_owner
--

CREATE INDEX "IX_tai_san_dinh_kem_TaiSanId" ON asset.tai_san_dinh_kem USING btree ("TaiSanId");


--
-- TOC entry 3431 (class 1259 OID 442594)
-- Name: IX_thanh_ly_tai_san_TaiSanId; Type: INDEX; Schema: asset; Owner: neondb_owner
--

CREATE INDEX "IX_thanh_ly_tai_san_TaiSanId" ON asset.thanh_ly_tai_san USING btree ("TaiSanId");


--
-- TOC entry 3354 (class 1259 OID 328066)
-- Name: IX_AuthAuditLog_userID; Type: INDEX; Schema: auth; Owner: neondb_owner
--

CREATE INDEX "IX_AuthAuditLog_userID" ON auth."AuthAuditLog" USING btree ("userID");


--
-- TOC entry 3357 (class 1259 OID 328067)
-- Name: IX_AuthEmailVerification_userID; Type: INDEX; Schema: auth; Owner: neondb_owner
--

CREATE INDEX "IX_AuthEmailVerification_userID" ON auth."AuthEmailVerification" USING btree ("userID");


--
-- TOC entry 3360 (class 1259 OID 328068)
-- Name: IX_AuthMfaSecret_userID; Type: INDEX; Schema: auth; Owner: neondb_owner
--

CREATE UNIQUE INDEX "IX_AuthMfaSecret_userID" ON auth."AuthMfaSecret" USING btree ("userID");


--
-- TOC entry 3361 (class 1259 OID 328069)
-- Name: IX_AuthMfaSecret_userID_type; Type: INDEX; Schema: auth; Owner: neondb_owner
--

CREATE UNIQUE INDEX "IX_AuthMfaSecret_userID_type" ON auth."AuthMfaSecret" USING btree ("userID", type);


--
-- TOC entry 3364 (class 1259 OID 328070)
-- Name: IX_AuthPasswordReset_userID; Type: INDEX; Schema: auth; Owner: neondb_owner
--

CREATE INDEX "IX_AuthPasswordReset_userID" ON auth."AuthPasswordReset" USING btree ("userID");


--
-- TOC entry 3367 (class 1259 OID 328071)
-- Name: IX_AuthProfile_userID; Type: INDEX; Schema: auth; Owner: neondb_owner
--

CREATE UNIQUE INDEX "IX_AuthProfile_userID" ON auth."AuthProfile" USING btree ("userID");


--
-- TOC entry 3376 (class 1259 OID 328072)
-- Name: IX_AuthRefreshToken_sessionID; Type: INDEX; Schema: auth; Owner: neondb_owner
--

CREATE INDEX "IX_AuthRefreshToken_sessionID" ON auth."AuthRefreshToken" USING btree ("sessionID");


--
-- TOC entry 3377 (class 1259 OID 328073)
-- Name: IX_AuthRefreshToken_userID; Type: INDEX; Schema: auth; Owner: neondb_owner
--

CREATE INDEX "IX_AuthRefreshToken_userID" ON auth."AuthRefreshToken" USING btree ("userID");


--
-- TOC entry 3350 (class 1259 OID 328075)
-- Name: IX_AuthRolePermission_permissionID; Type: INDEX; Schema: auth; Owner: neondb_owner
--

CREATE INDEX "IX_AuthRolePermission_permissionID" ON auth."AuthRolePermission" USING btree ("permissionID");


--
-- TOC entry 3351 (class 1259 OID 328076)
-- Name: IX_AuthRolePermission_roleID; Type: INDEX; Schema: auth; Owner: neondb_owner
--

CREATE INDEX "IX_AuthRolePermission_roleID" ON auth."AuthRolePermission" USING btree ("roleID");


--
-- TOC entry 3343 (class 1259 OID 328074)
-- Name: IX_AuthRole_roleName; Type: INDEX; Schema: auth; Owner: neondb_owner
--

CREATE UNIQUE INDEX "IX_AuthRole_roleName" ON auth."AuthRole" USING btree ("roleName");


--
-- TOC entry 3370 (class 1259 OID 328079)
-- Name: IX_AuthUserRole_roleID; Type: INDEX; Schema: auth; Owner: neondb_owner
--

CREATE INDEX "IX_AuthUserRole_roleID" ON auth."AuthUserRole" USING btree ("roleID");


--
-- TOC entry 3373 (class 1259 OID 328080)
-- Name: IX_AuthUserSession_userID; Type: INDEX; Schema: auth; Owner: neondb_owner
--

CREATE INDEX "IX_AuthUserSession_userID" ON auth."AuthUserSession" USING btree ("userID");


--
-- TOC entry 3346 (class 1259 OID 328077)
-- Name: IX_AuthUser_email; Type: INDEX; Schema: auth; Owner: neondb_owner
--

CREATE UNIQUE INDEX "IX_AuthUser_email" ON auth."AuthUser" USING btree (email);


--
-- TOC entry 3347 (class 1259 OID 328078)
-- Name: IX_AuthUser_userName; Type: INDEX; Schema: auth; Owner: neondb_owner
--

CREATE UNIQUE INDEX "IX_AuthUser_userName" ON auth."AuthUser" USING btree ("userName");


--
-- TOC entry 3452 (class 2606 OID 442471)
-- Name: bao_tri_tai_san FK_bao_tri_tai_san_tai_san_TaiSanId; Type: FK CONSTRAINT; Schema: asset; Owner: neondb_owner
--

ALTER TABLE ONLY asset.bao_tri_tai_san
    ADD CONSTRAINT "FK_bao_tri_tai_san_tai_san_TaiSanId" FOREIGN KEY ("TaiSanId") REFERENCES asset.tai_san("Id") ON DELETE CASCADE;


--
-- TOC entry 3453 (class 2606 OID 442484)
-- Name: chi_tiet_chung_tu FK_chi_tiet_chung_tu_chung_tu_ChungTuId; Type: FK CONSTRAINT; Schema: asset; Owner: neondb_owner
--

ALTER TABLE ONLY asset.chi_tiet_chung_tu
    ADD CONSTRAINT "FK_chi_tiet_chung_tu_chung_tu_ChungTuId" FOREIGN KEY ("ChungTuId") REFERENCES asset.chung_tu("Id") ON DELETE CASCADE;


--
-- TOC entry 3454 (class 2606 OID 442489)
-- Name: chi_tiet_chung_tu FK_chi_tiet_chung_tu_tai_khoan_ke_toan_TaiKhoanCo; Type: FK CONSTRAINT; Schema: asset; Owner: neondb_owner
--

ALTER TABLE ONLY asset.chi_tiet_chung_tu
    ADD CONSTRAINT "FK_chi_tiet_chung_tu_tai_khoan_ke_toan_TaiKhoanCo" FOREIGN KEY ("TaiKhoanCo") REFERENCES asset.tai_khoan_ke_toan("MaTaiKhoan") ON DELETE RESTRICT;


--
-- TOC entry 3455 (class 2606 OID 442494)
-- Name: chi_tiet_chung_tu FK_chi_tiet_chung_tu_tai_khoan_ke_toan_TaiKhoanNo; Type: FK CONSTRAINT; Schema: asset; Owner: neondb_owner
--

ALTER TABLE ONLY asset.chi_tiet_chung_tu
    ADD CONSTRAINT "FK_chi_tiet_chung_tu_tai_khoan_ke_toan_TaiKhoanNo" FOREIGN KEY ("TaiKhoanNo") REFERENCES asset.tai_khoan_ke_toan("MaTaiKhoan") ON DELETE RESTRICT;


--
-- TOC entry 3456 (class 2606 OID 442499)
-- Name: chi_tiet_chung_tu FK_chi_tiet_chung_tu_tai_san_TaiSanId; Type: FK CONSTRAINT; Schema: asset; Owner: neondb_owner
--

ALTER TABLE ONLY asset.chi_tiet_chung_tu
    ADD CONSTRAINT "FK_chi_tiet_chung_tu_tai_san_TaiSanId" FOREIGN KEY ("TaiSanId") REFERENCES asset.tai_san("Id") ON DELETE SET NULL;


--
-- TOC entry 3447 (class 2606 OID 442430)
-- Name: danh_muc_tai_san FK_danh_muc_tai_san_tai_khoan_ke_toan_MaTaiKhoan; Type: FK CONSTRAINT; Schema: asset; Owner: neondb_owner
--

ALTER TABLE ONLY asset.danh_muc_tai_san
    ADD CONSTRAINT "FK_danh_muc_tai_san_tai_khoan_ke_toan_MaTaiKhoan" FOREIGN KEY ("MaTaiKhoan") REFERENCES asset.tai_khoan_ke_toan("MaTaiKhoan") ON DELETE RESTRICT;


--
-- TOC entry 3457 (class 2606 OID 442512)
-- Name: dieu_chuyen_tai_san FK_dieu_chuyen_tai_san_phong_ban_DenPhongBanId; Type: FK CONSTRAINT; Schema: asset; Owner: neondb_owner
--

ALTER TABLE ONLY asset.dieu_chuyen_tai_san
    ADD CONSTRAINT "FK_dieu_chuyen_tai_san_phong_ban_DenPhongBanId" FOREIGN KEY ("DenPhongBanId") REFERENCES asset.phong_ban("Id") ON DELETE RESTRICT;


--
-- TOC entry 3458 (class 2606 OID 442517)
-- Name: dieu_chuyen_tai_san FK_dieu_chuyen_tai_san_phong_ban_TuPhongBanId; Type: FK CONSTRAINT; Schema: asset; Owner: neondb_owner
--

ALTER TABLE ONLY asset.dieu_chuyen_tai_san
    ADD CONSTRAINT "FK_dieu_chuyen_tai_san_phong_ban_TuPhongBanId" FOREIGN KEY ("TuPhongBanId") REFERENCES asset.phong_ban("Id") ON DELETE RESTRICT;


--
-- TOC entry 3459 (class 2606 OID 442522)
-- Name: dieu_chuyen_tai_san FK_dieu_chuyen_tai_san_tai_san_TaiSanId; Type: FK CONSTRAINT; Schema: asset; Owner: neondb_owner
--

ALTER TABLE ONLY asset.dieu_chuyen_tai_san
    ADD CONSTRAINT "FK_dieu_chuyen_tai_san_tai_san_TaiSanId" FOREIGN KEY ("TaiSanId") REFERENCES asset.tai_san("Id") ON DELETE CASCADE;


--
-- TOC entry 3460 (class 2606 OID 442535)
-- Name: lich_su_khau_hao FK_lich_su_khau_hao_chung_tu_ChungTuId; Type: FK CONSTRAINT; Schema: asset; Owner: neondb_owner
--

ALTER TABLE ONLY asset.lich_su_khau_hao
    ADD CONSTRAINT "FK_lich_su_khau_hao_chung_tu_ChungTuId" FOREIGN KEY ("ChungTuId") REFERENCES asset.chung_tu("Id") ON DELETE CASCADE;


--
-- TOC entry 3461 (class 2606 OID 442540)
-- Name: lich_su_khau_hao FK_lich_su_khau_hao_tai_san_TaiSanId; Type: FK CONSTRAINT; Schema: asset; Owner: neondb_owner
--

ALTER TABLE ONLY asset.lich_su_khau_hao
    ADD CONSTRAINT "FK_lich_su_khau_hao_tai_san_TaiSanId" FOREIGN KEY ("TaiSanId") REFERENCES asset.tai_san("Id") ON DELETE CASCADE;


--
-- TOC entry 3446 (class 2606 OID 442417)
-- Name: tai_khoan_ke_toan FK_tai_khoan_ke_toan_tai_khoan_ke_toan_MaTaiKhoanCha; Type: FK CONSTRAINT; Schema: asset; Owner: neondb_owner
--

ALTER TABLE ONLY asset.tai_khoan_ke_toan
    ADD CONSTRAINT "FK_tai_khoan_ke_toan_tai_khoan_ke_toan_MaTaiKhoanCha" FOREIGN KEY ("MaTaiKhoanCha") REFERENCES asset.tai_khoan_ke_toan("MaTaiKhoan") ON DELETE RESTRICT;


--
-- TOC entry 3448 (class 2606 OID 442443)
-- Name: tai_san FK_tai_san_danh_muc_tai_san_DanhMucId; Type: FK CONSTRAINT; Schema: asset; Owner: neondb_owner
--

ALTER TABLE ONLY asset.tai_san
    ADD CONSTRAINT "FK_tai_san_danh_muc_tai_san_DanhMucId" FOREIGN KEY ("DanhMucId") REFERENCES asset.danh_muc_tai_san("Id") ON DELETE RESTRICT;


--
-- TOC entry 3462 (class 2606 OID 442553)
-- Name: tai_san_dinh_kem FK_tai_san_dinh_kem_tai_san_TaiSanId; Type: FK CONSTRAINT; Schema: asset; Owner: neondb_owner
--

ALTER TABLE ONLY asset.tai_san_dinh_kem
    ADD CONSTRAINT "FK_tai_san_dinh_kem_tai_san_TaiSanId" FOREIGN KEY ("TaiSanId") REFERENCES asset.tai_san("Id") ON DELETE CASCADE;


--
-- TOC entry 3449 (class 2606 OID 442448)
-- Name: tai_san FK_tai_san_lo_tai_san_LoId; Type: FK CONSTRAINT; Schema: asset; Owner: neondb_owner
--

ALTER TABLE ONLY asset.tai_san
    ADD CONSTRAINT "FK_tai_san_lo_tai_san_LoId" FOREIGN KEY ("LoId") REFERENCES asset.lo_tai_san("Id") ON DELETE RESTRICT;


--
-- TOC entry 3450 (class 2606 OID 442453)
-- Name: tai_san FK_tai_san_phong_ban_PhongBanId; Type: FK CONSTRAINT; Schema: asset; Owner: neondb_owner
--

ALTER TABLE ONLY asset.tai_san
    ADD CONSTRAINT "FK_tai_san_phong_ban_PhongBanId" FOREIGN KEY ("PhongBanId") REFERENCES asset.phong_ban("Id") ON DELETE RESTRICT;


--
-- TOC entry 3451 (class 2606 OID 442458)
-- Name: tai_san FK_tai_san_tai_khoan_ke_toan_MaTaiKhoan; Type: FK CONSTRAINT; Schema: asset; Owner: neondb_owner
--

ALTER TABLE ONLY asset.tai_san
    ADD CONSTRAINT "FK_tai_san_tai_khoan_ke_toan_MaTaiKhoan" FOREIGN KEY ("MaTaiKhoan") REFERENCES asset.tai_khoan_ke_toan("MaTaiKhoan") ON DELETE RESTRICT;


--
-- TOC entry 3463 (class 2606 OID 442566)
-- Name: thanh_ly_tai_san FK_thanh_ly_tai_san_tai_san_TaiSanId; Type: FK CONSTRAINT; Schema: asset; Owner: neondb_owner
--

ALTER TABLE ONLY asset.thanh_ly_tai_san
    ADD CONSTRAINT "FK_thanh_ly_tai_san_tai_san_TaiSanId" FOREIGN KEY ("TaiSanId") REFERENCES asset.tai_san("Id") ON DELETE CASCADE;


--
-- TOC entry 3436 (class 2606 OID 327963)
-- Name: AuthAuditLog FK_AuthAuditLog_AuthUser_userID; Type: FK CONSTRAINT; Schema: auth; Owner: neondb_owner
--

ALTER TABLE ONLY auth."AuthAuditLog"
    ADD CONSTRAINT "FK_AuthAuditLog_AuthUser_userID" FOREIGN KEY ("userID") REFERENCES auth."AuthUser"("userID");


--
-- TOC entry 3437 (class 2606 OID 327976)
-- Name: AuthEmailVerification FK_AuthEmailVerification_AuthUser_userID; Type: FK CONSTRAINT; Schema: auth; Owner: neondb_owner
--

ALTER TABLE ONLY auth."AuthEmailVerification"
    ADD CONSTRAINT "FK_AuthEmailVerification_AuthUser_userID" FOREIGN KEY ("userID") REFERENCES auth."AuthUser"("userID") ON DELETE CASCADE;


--
-- TOC entry 3438 (class 2606 OID 327989)
-- Name: AuthMfaSecret FK_AuthMfaSecret_AuthUser_userID; Type: FK CONSTRAINT; Schema: auth; Owner: neondb_owner
--

ALTER TABLE ONLY auth."AuthMfaSecret"
    ADD CONSTRAINT "FK_AuthMfaSecret_AuthUser_userID" FOREIGN KEY ("userID") REFERENCES auth."AuthUser"("userID") ON DELETE CASCADE;


--
-- TOC entry 3439 (class 2606 OID 328002)
-- Name: AuthPasswordReset FK_AuthPasswordReset_AuthUser_userID; Type: FK CONSTRAINT; Schema: auth; Owner: neondb_owner
--

ALTER TABLE ONLY auth."AuthPasswordReset"
    ADD CONSTRAINT "FK_AuthPasswordReset_AuthUser_userID" FOREIGN KEY ("userID") REFERENCES auth."AuthUser"("userID") ON DELETE CASCADE;


--
-- TOC entry 3440 (class 2606 OID 328015)
-- Name: AuthProfile FK_AuthProfile_AuthUser_userID; Type: FK CONSTRAINT; Schema: auth; Owner: neondb_owner
--

ALTER TABLE ONLY auth."AuthProfile"
    ADD CONSTRAINT "FK_AuthProfile_AuthUser_userID" FOREIGN KEY ("userID") REFERENCES auth."AuthUser"("userID") ON DELETE CASCADE;


--
-- TOC entry 3444 (class 2606 OID 328056)
-- Name: AuthRefreshToken FK_AuthRefreshToken_AuthUserSession_sessionID; Type: FK CONSTRAINT; Schema: auth; Owner: neondb_owner
--

ALTER TABLE ONLY auth."AuthRefreshToken"
    ADD CONSTRAINT "FK_AuthRefreshToken_AuthUserSession_sessionID" FOREIGN KEY ("sessionID") REFERENCES auth."AuthUserSession"("sessionID") ON DELETE CASCADE;


--
-- TOC entry 3445 (class 2606 OID 328061)
-- Name: AuthRefreshToken FK_AuthRefreshToken_AuthUser_userID; Type: FK CONSTRAINT; Schema: auth; Owner: neondb_owner
--

ALTER TABLE ONLY auth."AuthRefreshToken"
    ADD CONSTRAINT "FK_AuthRefreshToken_AuthUser_userID" FOREIGN KEY ("userID") REFERENCES auth."AuthUser"("userID") ON DELETE RESTRICT;


--
-- TOC entry 3434 (class 2606 OID 327945)
-- Name: AuthRolePermission FK_AuthRolePermission_AuthPermission_permissionID; Type: FK CONSTRAINT; Schema: auth; Owner: neondb_owner
--

ALTER TABLE ONLY auth."AuthRolePermission"
    ADD CONSTRAINT "FK_AuthRolePermission_AuthPermission_permissionID" FOREIGN KEY ("permissionID") REFERENCES auth."AuthPermission"("permissionID") ON DELETE CASCADE;


--
-- TOC entry 3435 (class 2606 OID 327950)
-- Name: AuthRolePermission FK_AuthRolePermission_AuthRole_roleID; Type: FK CONSTRAINT; Schema: auth; Owner: neondb_owner
--

ALTER TABLE ONLY auth."AuthRolePermission"
    ADD CONSTRAINT "FK_AuthRolePermission_AuthRole_roleID" FOREIGN KEY ("roleID") REFERENCES auth."AuthRole"("roleID") ON DELETE CASCADE;


--
-- TOC entry 3441 (class 2606 OID 328025)
-- Name: AuthUserRole FK_AuthUserRole_AuthRole_roleID; Type: FK CONSTRAINT; Schema: auth; Owner: neondb_owner
--

ALTER TABLE ONLY auth."AuthUserRole"
    ADD CONSTRAINT "FK_AuthUserRole_AuthRole_roleID" FOREIGN KEY ("roleID") REFERENCES auth."AuthRole"("roleID") ON DELETE CASCADE;


--
-- TOC entry 3442 (class 2606 OID 328030)
-- Name: AuthUserRole FK_AuthUserRole_AuthUser_userID; Type: FK CONSTRAINT; Schema: auth; Owner: neondb_owner
--

ALTER TABLE ONLY auth."AuthUserRole"
    ADD CONSTRAINT "FK_AuthUserRole_AuthUser_userID" FOREIGN KEY ("userID") REFERENCES auth."AuthUser"("userID") ON DELETE CASCADE;


--
-- TOC entry 3443 (class 2606 OID 328043)
-- Name: AuthUserSession FK_AuthUserSession_AuthUser_userID; Type: FK CONSTRAINT; Schema: auth; Owner: neondb_owner
--

ALTER TABLE ONLY auth."AuthUserSession"
    ADD CONSTRAINT "FK_AuthUserSession_AuthUser_userID" FOREIGN KEY ("userID") REFERENCES auth."AuthUser"("userID") ON DELETE CASCADE;


-- Completed on 2026-05-18 23:07:34

--
-- PostgreSQL database dump complete
--

\unrestrict g29dcGN0LbiNWWZ6QSYe9UQukuft0RHoucLVkLDweYBkRtdDd041MW8gaWALOJZ

